# Mandate Rescue training data. BOOTSTRAPPED from 10 repeated runs of the 180-case synthetic simulation with distinct seeds. These rows are NOT unique real customers; they are label-consistent outcomes produced by the product's own rule-based recovery pipeline. Used to train/validate an additive ML layer that does NOT drive agent decisions.
past_payment_success_rate,customer_tenure_months,past_retry_count,failure_reason,amount,mandate_limit,merchant_category,recovered
0.4,39,2,insufficient_funds,2411.4,5000.0,utility,1
0.48,7,1,insufficient_funds,2006.89,5000.0,utility,0
0.59,42,2,bank_technical_error,952.98,5000.0,subscription,1
0.67,17,1,mandate_expired,924.12,5000.0,insurance,0
0.65,45,1,mandate_revoked,2347.53,5000.0,emi,0
0.77,46,1,insufficient_funds,6483.6,10682.98,subscription,1
0.5,29,1,bank_technical_error,2352.9,5000.0,emi,1
0.35,16,1,mandate_expired,4559.59,5000.0,utility,1
0.61,28,0,bank_technical_error,2693.16,5000.0,subscription,1
0.89,10,1,bank_technical_error,207.66,5000.0,subscription,1
0.93,4,1,bank_technical_error,2346.55,5000.0,emi,1
0.83,41,1,mandate_expired,2209.13,5000.0,insurance,1
0.93,9,1,insufficient_funds,2310.95,5000.0,emi,1
0.98,41,2,mandate_expired,2300.82,5000.0,insurance,1
0.6,15,2,mandate_expired,949.49,5000.0,emi,1
0.86,24,2,insufficient_funds,2046.72,5000.0,insurance,1
0.75,34,2,insufficient_funds,2487.15,5000.0,insurance,1
0.37,33,2,mandate_expired,6271.76,10600.85,subscription,1
0.86,33,2,mandate_expired,2799.81,5000.0,emi,0
0.51,40,1,insufficient_funds,1867.89,5000.0,subscription,1
0.45,30,0,insufficient_funds,732.81,5000.0,insurance,1
0.44,29,0,mandate_expired,1237.02,3000.0,emi,1
0.82,45,0,insufficient_funds,7444.92,11941.18,utility,1
0.5,33,1,insufficient_funds,1252.21,5000.0,insurance,1
0.41,43,1,mandate_expired,2343.37,5000.0,insurance,1
0.39,45,1,mandate_expired,1410.1,5000.0,subscription,1
0.39,36,1,bank_technical_error,6508.32,8957.25,subscription,1
0.33,42,1,insufficient_funds,1940.05,5000.0,emi,1
0.91,27,0,mandate_expired,2500.92,1000.0,insurance,1
0.84,1,1,insufficient_funds,2700.5,5000.0,subscription,1
0.78,8,1,insufficient_funds,8219.12,9771.02,emi,1
0.87,40,0,mandate_expired,1773.51,3000.0,subscription,1
0.9,29,0,mandate_revoked,3549.68,5000.0,subscription,0
0.7,18,2,insufficient_funds,1675.02,5000.0,insurance,1
0.53,46,1,mandate_revoked,8810.5,11528.26,emi,0
0.8,15,1,mandate_revoked,525.41,5000.0,emi,0
0.42,22,0,bank_technical_error,819.95,5000.0,insurance,1
0.31,20,2,bank_technical_error,2766.78,5000.0,insurance,1
0.59,43,0,insufficient_funds,5724.3,9604.51,emi,1
0.78,32,1,insufficient_funds,607.22,5000.0,insurance,1
0.92,34,2,insufficient_funds,14497.97,5000.0,emi,1
0.92,8,0,mandate_expired,1015.81,5000.0,subscription,1
0.83,15,0,mandate_revoked,11363.77,13629.46,insurance,0
0.94,23,0,bank_technical_error,902.77,3000.0,utility,1
0.95,30,1,mandate_revoked,733.44,5000.0,utility,0
0.75,36,0,mandate_revoked,2539.97,5000.0,utility,0
0.32,48,0,bank_technical_error,13472.39,16338.7,subscription,1
0.39,33,0,insufficient_funds,1683.68,1000.0,utility,1
0.88,43,1,bank_technical_error,2641.48,5000.0,subscription,1
0.53,41,0,bank_technical_error,2968.31,5000.0,emi,1
0.77,12,1,bank_technical_error,1530.26,2000.0,utility,1
0.41,43,1,insufficient_funds,1404.43,5000.0,insurance,1
0.36,42,2,mandate_expired,637.68,5000.0,utility,1
0.52,38,1,bank_technical_error,2944.09,5000.0,emi,1
0.94,4,0,mandate_expired,607.45,5000.0,emi,1
0.95,28,2,bank_technical_error,2871.23,5000.0,utility,1
0.84,4,1,insufficient_funds,1233.99,5000.0,insurance,1
0.76,3,0,bank_technical_error,1594.81,5000.0,utility,1
0.66,13,1,insufficient_funds,2474.29,2000.0,insurance,1
0.92,31,0,mandate_expired,2058.88,5000.0,insurance,1
0.77,29,1,mandate_revoked,500.41,5000.0,subscription,0
0.96,16,2,insufficient_funds,2912.82,5000.0,emi,1
0.6,8,2,mandate_expired,1625.53,5000.0,insurance,1
0.91,23,0,insufficient_funds,2642.44,5000.0,subscription,1
0.44,30,2,insufficient_funds,2450.45,5000.0,utility,1
0.87,27,2,mandate_expired,1893.71,5000.0,utility,0
0.71,34,1,mandate_revoked,2620.22,5000.0,emi,0
0.89,26,2,mandate_expired,1646.86,5000.0,utility,1
0.31,7,1,mandate_expired,2313.83,5000.0,utility,1
0.53,15,1,mandate_revoked,4150.21,5000.0,subscription,0
0.68,41,1,insufficient_funds,1905.84,3000.0,emi,1
0.92,6,2,insufficient_funds,9342.43,10824.68,utility,1
0.33,11,2,mandate_revoked,1587.56,5000.0,insurance,0
0.55,5,1,bank_technical_error,2496.8,3000.0,insurance,1
0.73,15,1,insufficient_funds,1537.89,5000.0,emi,1
0.83,30,2,bank_technical_error,7542.56,10094.38,subscription,1
0.68,34,1,insufficient_funds,736.52,5000.0,emi,1
0.7,15,0,insufficient_funds,1247.41,5000.0,insurance,1
0.34,33,1,insufficient_funds,1858.73,5000.0,subscription,1
0.72,2,0,insufficient_funds,1206.45,5000.0,utility,1
0.51,17,1,bank_technical_error,13241.47,5000.0,insurance,1
0.91,40,0,bank_technical_error,12637.51,15731.27,utility,1
0.65,13,1,insufficient_funds,1232.35,5000.0,utility,1
0.59,16,1,mandate_expired,2697.19,5000.0,insurance,1
0.92,12,0,insufficient_funds,1231.01,3000.0,subscription,1
0.78,45,2,bank_technical_error,7516.4,8928.81,emi,1
0.9,7,1,insufficient_funds,10396.17,14287.56,subscription,1
0.48,28,1,mandate_revoked,1617.98,2000.0,emi,0
0.76,26,1,mandate_revoked,1432.02,5000.0,subscription,0
0.89,25,2,mandate_revoked,2680.61,5000.0,utility,0
0.94,26,0,mandate_expired,1171.1,5000.0,subscription,1
0.88,9,2,mandate_revoked,1603.69,5000.0,subscription,0
0.34,35,1,mandate_expired,1261.29,5000.0,utility,0
0.37,44,1,mandate_revoked,596.33,5000.0,insurance,0
0.94,12,2,insufficient_funds,4368.34,2000.0,utility,0
0.5,48,0,insufficient_funds,2283.95,5000.0,subscription,1
0.69,11,0,mandate_revoked,2581.91,5000.0,emi,0
0.6,42,2,mandate_expired,1295.96,5000.0,subscription,1
0.76,45,2,bank_technical_error,2569.44,2000.0,emi,1
0.96,31,1,insufficient_funds,912.66,5000.0,subscription,1
0.73,7,1,insufficient_funds,1943.96,5000.0,emi,1
0.32,46,2,mandate_revoked,2745.51,5000.0,utility,0
0.46,5,2,insufficient_funds,12404.8,15991.81,insurance,1
0.87,31,1,insufficient_funds,11571.39,16062.4,utility,1
0.61,44,2,mandate_expired,2215.93,5000.0,subscription,1
0.59,8,2,mandate_expired,1246.48,5000.0,utility,1
0.32,48,1,bank_technical_error,6085.68,9494.15,subscription,1
0.44,18,1,insufficient_funds,8924.91,5000.0,insurance,1
0.73,15,2,insufficient_funds,2628.24,5000.0,emi,1
0.8,10,1,bank_technical_error,1905.41,5000.0,subscription,1
0.65,45,2,mandate_expired,2288.0,5000.0,utility,1
0.7,4,0,insufficient_funds,1124.74,5000.0,subscription,0
0.68,19,1,insufficient_funds,752.19,5000.0,utility,1
0.35,21,0,insufficient_funds,2565.07,5000.0,subscription,1
0.98,33,2,insufficient_funds,12865.0,17369.11,emi,1
0.44,40,0,mandate_revoked,7247.14,11856.21,subscription,0
0.79,26,1,insufficient_funds,1103.93,2000.0,insurance,1
0.79,13,1,insufficient_funds,947.12,5000.0,emi,1
0.49,37,1,insufficient_funds,1689.03,5000.0,emi,1
0.64,1,2,insufficient_funds,12609.08,14389.05,emi,1
0.92,4,2,mandate_revoked,2090.13,5000.0,insurance,0
0.97,26,1,bank_technical_error,1226.6,5000.0,emi,1
0.64,14,2,insufficient_funds,2312.63,5000.0,utility,0
0.58,42,0,insufficient_funds,879.75,5000.0,subscription,1
0.48,16,0,mandate_revoked,1630.87,5000.0,emi,0
0.5,12,0,mandate_revoked,768.84,5000.0,utility,0
0.53,23,2,mandate_expired,1514.61,3000.0,utility,1
0.97,44,0,insufficient_funds,1804.27,5000.0,utility,1
0.57,22,0,mandate_revoked,572.07,5000.0,insurance,0
0.55,12,2,mandate_expired,824.79,5000.0,utility,0
0.34,22,2,mandate_expired,7493.59,5000.0,emi,1
0.62,43,0,bank_technical_error,1887.1,5000.0,emi,1
0.62,11,0,insufficient_funds,1850.86,5000.0,emi,1
0.64,16,0,insufficient_funds,722.99,5000.0,insurance,1
0.61,35,0,bank_technical_error,2875.62,5000.0,insurance,1
0.94,18,1,insufficient_funds,2985.06,5000.0,insurance,1
0.33,37,0,insufficient_funds,2429.58,5000.0,utility,1
0.45,44,2,insufficient_funds,2174.03,5000.0,subscription,0
0.64,45,1,insufficient_funds,903.52,5000.0,emi,1
0.64,8,1,insufficient_funds,9987.8,11584.84,utility,1
0.36,5,1,insufficient_funds,1280.73,5000.0,utility,1
0.53,47,2,insufficient_funds,2879.91,5000.0,utility,0
0.97,16,1,insufficient_funds,675.73,5000.0,emi,1
0.83,19,0,insufficient_funds,12033.25,16722.91,utility,1
0.63,43,1,insufficient_funds,2307.38,5000.0,subscription,1
0.34,5,1,insufficient_funds,7093.91,10131.96,subscription,1
0.92,23,0,bank_technical_error,2447.55,1000.0,emi,1
0.46,26,2,insufficient_funds,12902.46,16780.28,emi,1
0.89,10,1,mandate_revoked,745.89,5000.0,utility,0
0.54,44,1,bank_technical_error,704.03,5000.0,subscription,1
0.54,35,2,insufficient_funds,2554.08,5000.0,insurance,1
0.91,19,1,mandate_revoked,9333.58,5000.0,emi,0
0.66,25,1,mandate_expired,2171.01,5000.0,subscription,1
0.33,11,1,bank_technical_error,1200.83,5000.0,emi,1
0.79,8,0,insufficient_funds,1526.27,5000.0,utility,1
0.69,13,1,bank_technical_error,2903.42,5000.0,subscription,1
0.89,8,2,insufficient_funds,1783.8,5000.0,emi,0
0.9,6,1,insufficient_funds,1589.61,5000.0,emi,0
0.9,15,2,bank_technical_error,906.93,5000.0,utility,1
0.63,7,0,insufficient_funds,1880.02,5000.0,emi,1
0.71,11,2,mandate_revoked,2561.07,5000.0,subscription,0
0.45,33,1,insufficient_funds,1885.32,5000.0,emi,1
0.65,46,0,bank_technical_error,12472.75,5000.0,insurance,1
0.32,20,2,mandate_expired,1493.08,5000.0,subscription,1
0.55,3,1,insufficient_funds,14655.99,15686.94,emi,1
0.81,41,2,insufficient_funds,2039.25,5000.0,subscription,1
0.42,43,0,insufficient_funds,1088.43,5000.0,emi,1
0.66,1,0,mandate_expired,14359.76,16813.48,emi,0
0.8,12,1,bank_technical_error,2261.5,5000.0,utility,1
0.97,32,0,insufficient_funds,2651.19,5000.0,utility,1
0.78,36,2,bank_technical_error,1032.34,5000.0,utility,1
0.64,38,1,insufficient_funds,2441.06,5000.0,insurance,1
0.67,18,2,mandate_expired,2204.34,5000.0,emi,1
0.91,12,1,mandate_expired,737.29,5000.0,utility,0
0.34,26,1,insufficient_funds,1726.65,5000.0,subscription,1
0.92,14,0,mandate_revoked,7745.34,8916.95,insurance,0
0.53,4,2,mandate_expired,1401.5,5000.0,subscription,1
0.9,45,1,bank_technical_error,813.79,5000.0,subscription,1
0.62,31,2,insufficient_funds,13445.2,15050.55,emi,1
0.36,24,1,insufficient_funds,1258.21,5000.0,subscription,1
0.62,23,1,insufficient_funds,2726.64,5000.0,subscription,1
0.47,43,2,insufficient_funds,2366.72,5000.0,utility,1
0.43,47,2,insufficient_funds,761.39,5000.0,emi,1
0.81,11,1,insufficient_funds,13281.01,17859.72,insurance,1
0.75,44,0,insufficient_funds,1772.53,5000.0,subscription,1
0.72,38,2,bank_technical_error,8762.39,11041.24,utility,1
0.91,13,0,insufficient_funds,1874.17,5000.0,utility,1
0.39,43,1,bank_technical_error,8167.53,12488.63,insurance,1
0.37,1,2,mandate_revoked,4126.49,3000.0,utility,0
0.61,26,1,bank_technical_error,1971.92,5000.0,emi,1
0.59,31,1,mandate_expired,11752.55,14284.65,utility,1
0.66,15,0,mandate_expired,3053.75,5000.0,subscription,1
0.8,23,1,insufficient_funds,2860.33,5000.0,subscription,1
0.87,6,0,insufficient_funds,1254.85,3000.0,insurance,0
0.89,34,0,bank_technical_error,1649.55,5000.0,subscription,1
0.44,18,2,bank_technical_error,886.61,5000.0,subscription,1
0.37,36,0,mandate_expired,12593.06,16275.78,utility,1
0.87,27,1,insufficient_funds,2112.86,1000.0,utility,1
0.73,31,0,bank_technical_error,2433.87,5000.0,utility,1
0.56,36,0,insufficient_funds,793.13,5000.0,insurance,1
0.51,29,1,mandate_expired,880.09,5000.0,emi,1
0.66,41,0,mandate_expired,1191.02,5000.0,subscription,1
0.77,19,2,insufficient_funds,6141.37,7653.29,emi,1
0.65,2,1,insufficient_funds,2587.52,5000.0,utility,1
0.76,48,2,mandate_revoked,13550.66,16973.94,subscription,0
0.86,48,0,insufficient_funds,2776.96,5000.0,insurance,1
0.92,29,0,insufficient_funds,3005.09,5000.0,utility,1
0.44,21,2,mandate_expired,824.76,5000.0,insurance,1
0.71,23,2,insufficient_funds,4031.22,5000.0,emi,1
0.61,2,2,insufficient_funds,2623.01,5000.0,utility,1
0.49,7,0,insufficient_funds,4269.07,5000.0,subscription,1
0.84,11,2,bank_technical_error,2879.74,5000.0,utility,1
0.56,36,1,insufficient_funds,2782.09,5000.0,insurance,0
0.87,37,1,mandate_revoked,1228.04,5000.0,emi,0
0.36,8,0,bank_technical_error,2197.99,5000.0,insurance,1
0.7,24,1,insufficient_funds,1929.24,5000.0,emi,1
0.58,37,2,bank_technical_error,5039.51,5000.0,utility,1
0.95,1,1,bank_technical_error,2040.16,5000.0,emi,1
0.7,26,2,bank_technical_error,13556.77,16244.08,insurance,1
0.81,37,2,bank_technical_error,2822.27,5000.0,emi,1
0.35,36,0,insufficient_funds,1230.64,5000.0,subscription,1
0.93,28,1,insufficient_funds,8613.2,10796.28,insurance,1
0.78,45,2,mandate_expired,3901.94,5000.0,emi,1
0.64,20,2,bank_technical_error,2349.41,5000.0,emi,1
0.61,5,2,mandate_expired,1128.61,5000.0,subscription,1
0.43,22,0,insufficient_funds,1974.07,5000.0,emi,1
0.91,22,1,insufficient_funds,1861.57,1000.0,insurance,1
0.83,12,0,mandate_expired,11430.07,13671.55,emi,1
0.97,5,0,insufficient_funds,1185.34,5000.0,insurance,1
0.92,24,0,bank_technical_error,3541.28,5000.0,emi,1
0.88,24,2,mandate_revoked,2439.85,5000.0,insurance,0
0.76,37,0,insufficient_funds,2119.68,5000.0,subscription,1
0.89,48,0,bank_technical_error,12567.65,16311.77,utility,1
0.91,33,1,insufficient_funds,1285.48,5000.0,subscription,1
0.31,8,0,insufficient_funds,1024.12,5000.0,emi,1
0.51,42,1,mandate_expired,2766.18,5000.0,utility,1
0.86,38,1,insufficient_funds,1084.08,5000.0,subscription,1
0.5,5,2,mandate_revoked,11093.76,14522.5,insurance,0
0.37,45,0,bank_technical_error,1383.88,5000.0,subscription,1
0.39,36,0,mandate_expired,936.09,5000.0,insurance,1
0.89,38,0,insufficient_funds,1498.5,5000.0,emi,1
0.8,27,0,mandate_expired,531.1,2000.0,insurance,1
0.72,32,2,bank_technical_error,721.68,5000.0,utility,1
0.63,46,1,insufficient_funds,629.73,5000.0,subscription,1
0.41,36,2,insufficient_funds,2141.12,5000.0,utility,0
0.67,11,2,bank_technical_error,2571.3,5000.0,emi,1
0.52,29,1,bank_technical_error,2010.34,5000.0,utility,1
0.82,7,0,mandate_revoked,1849.47,5000.0,subscription,0
0.55,17,0,bank_technical_error,2774.96,5000.0,emi,1
0.72,9,0,mandate_expired,925.07,5000.0,utility,1
0.78,10,2,insufficient_funds,1812.1,5000.0,subscription,1
0.93,5,1,insufficient_funds,1966.46,1000.0,emi,1
0.43,28,2,mandate_expired,677.35,5000.0,utility,1
0.72,12,0,mandate_expired,2258.48,5000.0,utility,1
0.62,46,1,insufficient_funds,2547.31,1000.0,emi,1
0.63,4,2,bank_technical_error,13127.45,15124.12,emi,1
0.9,19,2,bank_technical_error,510.89,5000.0,subscription,1
0.4,39,2,mandate_expired,4982.8,5000.0,insurance,0
0.96,46,2,insufficient_funds,1293.36,5000.0,utility,1
0.91,15,1,insufficient_funds,1311.24,5000.0,utility,1
0.68,39,0,insufficient_funds,2025.79,5000.0,subscription,1
0.39,18,1,mandate_expired,1790.63,5000.0,utility,1
0.45,41,2,insufficient_funds,2310.77,1000.0,subscription,1
0.84,47,2,bank_technical_error,12459.93,14996.54,emi,1
0.59,34,1,insufficient_funds,2082.15,5000.0,subscription,1
0.51,11,0,bank_technical_error,2070.14,5000.0,insurance,1
0.92,16,0,insufficient_funds,1619.27,3000.0,utility,1
0.74,8,2,insufficient_funds,2400.52,5000.0,insurance,0
0.35,23,2,mandate_revoked,5743.52,8972.31,insurance,0
0.87,24,1,mandate_revoked,1591.41,5000.0,subscription,0
0.52,11,2,mandate_revoked,823.31,5000.0,subscription,0
0.88,26,2,mandate_expired,12813.48,15172.8,utility,1
0.41,25,1,mandate_expired,2269.26,5000.0,emi,1
0.63,25,2,mandate_expired,1239.74,1000.0,subscription,0
0.63,7,1,insufficient_funds,1343.25,5000.0,utility,1
0.96,40,2,insufficient_funds,1159.84,5000.0,utility,1
0.42,7,1,mandate_expired,2407.42,1000.0,subscription,1
0.4,36,2,mandate_revoked,1136.31,1000.0,utility,0
0.42,11,1,insufficient_funds,1133.07,5000.0,insurance,1
0.85,22,1,mandate_revoked,2374.44,5000.0,emi,0
0.35,5,1,mandate_expired,1038.59,5000.0,subscription,1
0.39,10,0,mandate_expired,1560.1,5000.0,subscription,1
0.64,10,2,insufficient_funds,1456.33,5000.0,insurance,0
0.44,40,2,insufficient_funds,2120.59,5000.0,emi,1
0.44,18,1,insufficient_funds,1756.26,5000.0,emi,1
0.62,3,0,insufficient_funds,2940.08,5000.0,insurance,1
0.96,1,2,insufficient_funds,1217.4,5000.0,emi,0
0.91,29,0,insufficient_funds,1693.35,5000.0,utility,1
0.65,11,1,insufficient_funds,1840.4,5000.0,insurance,1
0.66,20,1,mandate_revoked,9145.88,13668.43,utility,0
0.84,20,2,insufficient_funds,2110.94,1000.0,insurance,1
0.82,28,2,insufficient_funds,14705.25,18278.1,insurance,1
0.41,31,1,bank_technical_error,12313.76,13812.11,utility,1
0.72,26,1,insufficient_funds,1777.64,5000.0,subscription,1
0.76,33,0,insufficient_funds,1124.97,5000.0,emi,1
0.75,37,2,mandate_expired,1165.39,5000.0,insurance,1
0.73,35,2,insufficient_funds,2272.18,5000.0,utility,1
0.77,48,2,bank_technical_error,11718.6,15779.86,subscription,1
0.73,39,2,mandate_expired,2309.47,5000.0,insurance,1
0.84,6,0,mandate_revoked,13767.01,17564.09,subscription,0
0.82,3,1,bank_technical_error,972.99,5000.0,subscription,1
0.96,4,2,mandate_expired,659.63,5000.0,emi,1
0.47,10,2,mandate_revoked,2729.43,3000.0,subscription,0
0.36,19,2,bank_technical_error,2804.61,5000.0,utility,1
0.93,40,2,insufficient_funds,2055.53,5000.0,utility,1
0.98,6,0,mandate_expired,10901.99,15360.33,insurance,1
0.73,46,2,insufficient_funds,2551.17,5000.0,subscription,1
0.64,32,1,insufficient_funds,778.77,5000.0,emi,1
0.99,29,0,mandate_expired,1987.51,5000.0,subscription,1
0.36,12,1,mandate_expired,1565.24,5000.0,subscription,1
0.54,28,1,insufficient_funds,9397.81,11066.26,subscription,1
0.91,40,2,insufficient_funds,897.38,5000.0,insurance,1
0.85,5,0,insufficient_funds,2843.38,5000.0,utility,1
0.44,44,1,mandate_revoked,2785.93,5000.0,subscription,0
0.72,23,2,insufficient_funds,1303.74,5000.0,insurance,1
0.87,44,1,mandate_revoked,2232.01,5000.0,utility,0
0.78,12,0,insufficient_funds,2387.72,5000.0,utility,1
0.46,9,1,mandate_expired,2621.35,5000.0,emi,1
0.63,19,1,insufficient_funds,1660.18,5000.0,insurance,1
0.57,18,1,insufficient_funds,1003.66,2000.0,subscription,1
0.68,33,0,mandate_expired,1386.08,5000.0,subscription,1
0.97,16,1,mandate_revoked,2276.83,5000.0,emi,0
0.49,25,1,bank_technical_error,9199.05,11640.38,utility,1
0.66,21,2,insufficient_funds,1949.07,5000.0,subscription,1
0.81,44,1,mandate_expired,4494.59,5000.0,subscription,1
0.72,4,2,insufficient_funds,1482.95,5000.0,insurance,1
0.41,37,0,mandate_revoked,2733.09,5000.0,insurance,0
0.47,47,1,insufficient_funds,6513.83,7761.74,emi,1
0.96,40,2,mandate_revoked,1313.92,5000.0,insurance,0
0.36,19,2,insufficient_funds,1842.2,5000.0,subscription,1
0.88,42,2,mandate_revoked,7966.45,9490.4,insurance,0
0.46,45,1,insufficient_funds,14401.97,15754.24,emi,1
0.71,25,0,insufficient_funds,2081.19,5000.0,subscription,1
0.84,25,1,mandate_revoked,2083.13,3000.0,subscription,0
0.51,34,2,bank_technical_error,2374.92,1000.0,emi,1
0.75,34,1,insufficient_funds,1361.33,5000.0,utility,1
0.93,31,1,mandate_revoked,8158.53,11047.01,insurance,0
0.69,8,0,bank_technical_error,11455.93,15399.79,emi,1
0.35,9,2,insufficient_funds,2308.62,5000.0,emi,1
0.64,6,1,insufficient_funds,644.13,5000.0,utility,1
0.77,9,1,mandate_revoked,12030.31,5000.0,emi,0
0.39,20,2,mandate_revoked,6885.64,10328.32,utility,0
0.88,6,1,bank_technical_error,1712.02,5000.0,subscription,1
0.6,25,1,mandate_expired,9385.18,13067.05,subscription,1
0.96,34,1,mandate_revoked,1841.89,5000.0,subscription,0
0.93,47,0,bank_technical_error,1728.85,5000.0,insurance,1
0.74,41,2,mandate_expired,2896.78,5000.0,utility,1
0.36,27,2,mandate_expired,2750.8,3000.0,subscription,1
0.81,11,0,insufficient_funds,2017.43,5000.0,emi,1
0.49,18,2,mandate_expired,9143.8,10270.49,emi,1
0.43,48,2,bank_technical_error,1027.46,5000.0,emi,1
0.69,4,2,insufficient_funds,2693.98,5000.0,subscription,1
0.34,5,1,insufficient_funds,620.73,5000.0,subscription,1
0.52,9,1,insufficient_funds,1463.57,5000.0,insurance,1
0.52,37,2,mandate_expired,11175.5,14081.9,subscription,1
0.62,29,0,mandate_expired,1516.45,5000.0,subscription,0
0.63,23,1,mandate_revoked,867.32,5000.0,utility,0
0.75,6,1,mandate_revoked,2104.56,5000.0,insurance,0
0.57,19,2,insufficient_funds,820.53,5000.0,emi,1
0.92,11,0,insufficient_funds,7908.14,9914.72,emi,1
0.32,46,0,bank_technical_error,1622.96,5000.0,emi,1
0.94,8,2,mandate_revoked,1004.35,5000.0,utility,0
0.84,25,2,bank_technical_error,1265.35,5000.0,emi,1
0.68,11,1,insufficient_funds,1349.7,5000.0,insurance,1
0.65,24,1,mandate_expired,14737.05,18941.11,emi,1
0.97,23,2,mandate_revoked,2709.69,5000.0,subscription,0
0.62,40,0,mandate_expired,6251.33,7274.13,insurance,0
0.46,39,2,mandate_expired,14121.28,5000.0,utility,1
0.73,9,1,bank_technical_error,1740.0,5000.0,utility,1
0.68,38,0,insufficient_funds,7045.9,11494.94,emi,1
0.72,8,0,bank_technical_error,9546.2,10733.47,insurance,1
0.69,39,2,insufficient_funds,648.15,5000.0,insurance,1
0.63,29,2,insufficient_funds,9040.61,11839.26,insurance,1
0.76,8,1,insufficient_funds,1347.24,5000.0,insurance,1
0.79,31,1,mandate_revoked,1774.25,5000.0,insurance,0
0.4,25,1,insufficient_funds,1774.31,5000.0,emi,1
0.91,43,1,insufficient_funds,1292.37,5000.0,emi,1
0.82,25,1,mandate_expired,2034.31,5000.0,insurance,1
0.75,14,0,bank_technical_error,504.56,5000.0,subscription,1
0.89,37,0,mandate_expired,13090.67,15109.78,emi,1
0.82,44,1,bank_technical_error,2540.13,5000.0,utility,1
0.74,34,2,insufficient_funds,2540.83,5000.0,subscription,1
0.98,19,2,insufficient_funds,1527.2,5000.0,subscription,1
0.42,27,2,bank_technical_error,4073.56,1000.0,emi,1
0.75,40,1,insufficient_funds,803.4,5000.0,insurance,0
0.88,28,0,mandate_expired,2390.13,5000.0,subscription,0
0.91,38,1,insufficient_funds,1008.23,5000.0,subscription,1
0.59,44,2,mandate_expired,10466.16,12493.86,utility,0
0.73,17,2,mandate_revoked,2105.45,5000.0,subscription,0
0.7,18,1,insufficient_funds,2334.17,5000.0,utility,1
0.71,27,1,mandate_revoked,873.76,5000.0,insurance,0
0.84,12,2,insufficient_funds,10691.35,12104.89,insurance,1
0.54,13,0,bank_technical_error,1868.71,5000.0,emi,1
0.45,13,1,insufficient_funds,11793.91,14911.16,subscription,1
0.78,30,1,mandate_expired,2147.7,5000.0,utility,1
0.55,32,0,bank_technical_error,2988.55,1000.0,emi,1
0.92,32,1,mandate_expired,1259.88,5000.0,emi,1
0.67,43,0,insufficient_funds,13715.24,17825.42,insurance,1
0.49,25,2,mandate_revoked,3627.99,5000.0,utility,0
0.84,16,1,mandate_expired,2494.53,5000.0,subscription,1
0.87,38,0,mandate_expired,653.73,5000.0,insurance,1
0.41,4,0,insufficient_funds,881.37,5000.0,insurance,1
0.92,47,2,mandate_expired,1774.34,5000.0,utility,1
0.36,16,1,bank_technical_error,2221.98,5000.0,utility,1
0.97,1,0,insufficient_funds,6916.45,11349.75,utility,1
0.9,29,0,mandate_expired,763.52,5000.0,utility,1
0.58,46,0,mandate_expired,9093.12,11203.7,insurance,1
0.64,33,2,insufficient_funds,2733.92,5000.0,insurance,1
0.78,38,2,mandate_revoked,1712.08,5000.0,insurance,0
0.78,40,2,mandate_expired,2979.27,5000.0,utility,1
0.33,38,2,insufficient_funds,2449.73,5000.0,emi,1
0.55,41,2,insufficient_funds,1779.43,5000.0,insurance,1
0.48,6,0,mandate_revoked,2375.55,5000.0,subscription,0
0.45,2,2,insufficient_funds,2246.32,2000.0,subscription,1
0.8,34,2,insufficient_funds,899.39,5000.0,utility,1
0.41,32,0,bank_technical_error,1203.06,5000.0,insurance,1
0.98,23,1,mandate_revoked,2293.77,5000.0,insurance,0
0.62,5,2,insufficient_funds,2747.73,5000.0,subscription,1
0.37,18,2,mandate_expired,3998.78,5000.0,insurance,1
0.48,30,0,mandate_expired,1803.09,5000.0,emi,1
0.71,9,1,bank_technical_error,2612.1,5000.0,emi,1
0.97,36,0,bank_technical_error,2903.93,5000.0,subscription,1
0.94,11,1,mandate_expired,2446.22,5000.0,insurance,1
0.82,2,2,insufficient_funds,2223.17,5000.0,insurance,1
0.85,41,0,mandate_revoked,10545.25,11561.6,subscription,0
0.54,28,2,bank_technical_error,6380.16,10225.65,emi,1
0.5,34,1,insufficient_funds,2268.93,2000.0,utility,1
0.32,48,1,bank_technical_error,14713.58,18767.81,insurance,1
0.8,17,0,insufficient_funds,2310.33,5000.0,subscription,1
0.86,33,0,insufficient_funds,2439.74,2000.0,subscription,1
0.74,10,1,insufficient_funds,11168.91,14948.36,insurance,0
0.86,16,1,mandate_expired,1339.6,3000.0,emi,1
0.59,29,1,insufficient_funds,842.8,5000.0,utility,1
0.88,28,0,insufficient_funds,2443.59,5000.0,insurance,1
0.81,35,0,insufficient_funds,2356.41,2000.0,insurance,1
0.79,37,0,insufficient_funds,2545.73,5000.0,subscription,0
0.48,36,2,mandate_expired,601.36,1000.0,emi,1
0.86,30,0,insufficient_funds,655.96,5000.0,insurance,0
0.57,25,2,insufficient_funds,563.92,5000.0,subscription,1
0.73,6,1,insufficient_funds,2540.8,5000.0,utility,1
0.69,21,0,insufficient_funds,2968.83,5000.0,insurance,1
0.31,32,0,mandate_expired,6396.24,8847.0,emi,1
0.56,14,2,insufficient_funds,3924.53,5000.0,subscription,1
0.8,41,0,insufficient_funds,606.93,3000.0,utility,1
0.96,17,2,insufficient_funds,806.0,5000.0,emi,1
0.99,2,1,insufficient_funds,2937.36,5000.0,utility,1
0.39,25,2,bank_technical_error,1468.01,2000.0,subscription,1
0.92,26,2,insufficient_funds,1343.94,5000.0,emi,1
0.66,12,2,bank_technical_error,2831.0,1000.0,utility,1
0.68,41,0,mandate_revoked,957.26,5000.0,emi,0
0.37,5,2,mandate_revoked,12707.64,16276.06,emi,0
0.82,20,1,insufficient_funds,1964.84,5000.0,subscription,0
0.42,43,2,insufficient_funds,753.35,5000.0,insurance,1
0.54,9,2,mandate_expired,1915.26,5000.0,subscription,1
0.75,39,0,mandate_revoked,1934.0,5000.0,emi,0
0.46,3,0,bank_technical_error,5374.19,10039.98,subscription,1
0.85,28,1,insufficient_funds,2667.97,5000.0,insurance,1
0.5,26,2,bank_technical_error,541.07,5000.0,subscription,1
0.42,38,1,mandate_expired,10787.63,13819.59,subscription,1
0.37,46,1,mandate_expired,5586.03,7210.4,emi,0
0.85,10,2,insufficient_funds,2810.14,3000.0,emi,0
0.38,30,0,insufficient_funds,543.81,5000.0,emi,1
0.93,43,2,mandate_expired,2219.93,5000.0,subscription,1
0.52,2,2,bank_technical_error,1348.9,5000.0,utility,1
0.57,43,1,insufficient_funds,3488.21,5000.0,insurance,1
0.85,7,2,bank_technical_error,724.29,1000.0,emi,1
0.89,5,2,mandate_expired,1700.05,5000.0,utility,0
0.77,40,2,insufficient_funds,9995.9,13969.36,subscription,1
0.5,30,0,mandate_expired,1204.22,5000.0,emi,1
0.77,40,2,mandate_expired,2848.32,5000.0,insurance,0
0.31,33,2,mandate_revoked,11759.64,12907.58,emi,0
0.54,19,0,insufficient_funds,2154.4,5000.0,emi,1
0.67,46,2,mandate_revoked,1033.63,5000.0,subscription,0
0.63,9,1,insufficient_funds,12215.07,16114.37,utility,1
0.68,19,0,mandate_revoked,8924.85,10821.75,subscription,0
0.81,28,0,insufficient_funds,783.24,5000.0,insurance,1
0.94,24,0,insufficient_funds,1911.57,5000.0,subscription,1
0.55,33,0,insufficient_funds,8620.24,5000.0,subscription,0
0.79,24,2,mandate_revoked,2111.66,5000.0,subscription,0
0.67,3,0,insufficient_funds,1494.06,5000.0,subscription,1
0.66,41,2,bank_technical_error,2056.51,5000.0,utility,1
0.33,37,1,mandate_revoked,2039.94,5000.0,insurance,0
0.82,6,2,insufficient_funds,1985.58,5000.0,emi,1
0.34,14,0,mandate_revoked,1286.03,5000.0,utility,0
0.87,27,1,insufficient_funds,11934.21,16300.07,emi,1
0.56,16,2,insufficient_funds,1489.78,5000.0,utility,1
0.35,39,1,bank_technical_error,8670.59,5000.0,subscription,1
0.91,37,0,bank_technical_error,2544.01,5000.0,utility,1
0.76,7,0,mandate_expired,1056.26,5000.0,insurance,1
0.96,37,2,insufficient_funds,797.65,5000.0,utility,1
0.79,6,0,insufficient_funds,2563.73,5000.0,utility,1
0.33,46,1,mandate_expired,779.35,5000.0,utility,1
0.84,11,2,insufficient_funds,1842.33,5000.0,utility,0
0.47,27,0,insufficient_funds,2600.69,5000.0,utility,1
0.33,21,2,mandate_expired,2061.85,5000.0,subscription,0
0.77,16,2,insufficient_funds,1316.56,5000.0,insurance,1
0.84,29,0,insufficient_funds,1182.78,5000.0,insurance,1
0.6,32,1,insufficient_funds,671.98,5000.0,insurance,1
0.76,13,0,mandate_expired,6119.0,5000.0,subscription,0
0.83,27,1,bank_technical_error,2722.86,5000.0,emi,1
0.69,17,2,bank_technical_error,13375.32,17495.44,insurance,1
0.46,45,2,insufficient_funds,1529.0,5000.0,subscription,1
0.7,20,2,mandate_revoked,816.12,5000.0,subscription,0
0.7,4,2,bank_technical_error,1082.24,5000.0,utility,1
0.52,15,2,insufficient_funds,756.74,5000.0,insurance,0
0.45,43,1,insufficient_funds,12555.73,16618.32,emi,1
0.6,3,1,mandate_revoked,12559.05,14449.78,subscription,0
0.84,40,2,mandate_revoked,1530.73,5000.0,subscription,0
0.42,26,2,bank_technical_error,7580.78,10233.9,emi,1
0.37,22,1,bank_technical_error,11335.32,13374.49,emi,1
0.75,4,1,insufficient_funds,1817.71,5000.0,emi,1
0.56,12,0,mandate_revoked,1161.17,5000.0,emi,0
0.88,31,0,insufficient_funds,11809.27,15197.3,emi,1
0.49,32,0,insufficient_funds,2518.71,5000.0,subscription,1
0.85,42,1,insufficient_funds,612.74,5000.0,insurance,1
0.47,8,2,insufficient_funds,1217.43,5000.0,utility,1
0.68,39,1,bank_technical_error,531.19,5000.0,emi,1
0.65,17,1,mandate_expired,11402.08,15472.15,utility,1
0.36,13,0,insufficient_funds,2156.86,5000.0,utility,1
0.39,15,0,mandate_revoked,1474.96,5000.0,subscription,0
0.79,32,0,bank_technical_error,654.55,5000.0,emi,1
0.84,12,2,mandate_revoked,1284.64,5000.0,insurance,0
0.91,43,1,insufficient_funds,12136.17,13314.85,emi,1
0.46,26,2,bank_technical_error,1904.24,5000.0,subscription,1
0.34,1,0,insufficient_funds,1329.22,5000.0,insurance,1
0.89,39,1,insufficient_funds,2122.31,5000.0,emi,1
0.83,35,1,insufficient_funds,2671.79,5000.0,utility,1
0.68,34,1,insufficient_funds,2274.32,5000.0,utility,1
0.55,16,1,mandate_expired,2930.94,2000.0,emi,1
0.4,16,0,bank_technical_error,2055.65,5000.0,emi,1
0.42,38,0,bank_technical_error,2983.98,5000.0,insurance,1
0.32,31,2,mandate_revoked,3725.62,5000.0,subscription,0
0.43,35,0,insufficient_funds,2182.43,5000.0,insurance,1
0.33,47,2,insufficient_funds,6664.62,10132.32,subscription,1
0.35,24,0,insufficient_funds,2157.09,5000.0,emi,1
0.71,21,2,mandate_revoked,14077.41,17324.41,insurance,0
0.31,35,2,mandate_expired,13000.76,16845.29,insurance,1
0.95,29,0,insufficient_funds,1503.64,5000.0,insurance,1
0.6,38,0,insufficient_funds,1464.78,5000.0,insurance,1
0.73,28,0,insufficient_funds,7599.48,11315.71,emi,1
0.72,2,2,insufficient_funds,2275.89,5000.0,emi,1
0.43,41,0,bank_technical_error,14173.35,16092.56,emi,1
0.65,19,1,insufficient_funds,2693.46,5000.0,utility,1
0.92,42,1,insufficient_funds,1778.72,5000.0,emi,1
0.64,18,2,mandate_revoked,2706.55,5000.0,utility,0
0.46,19,1,mandate_revoked,340.71,5000.0,utility,0
0.95,32,0,mandate_expired,1435.43,5000.0,utility,1
0.6,17,0,mandate_expired,1266.91,5000.0,subscription,1
0.45,7,1,insufficient_funds,1989.55,5000.0,subscription,1
0.64,2,0,mandate_expired,2661.13,5000.0,insurance,0
0.31,6,0,insufficient_funds,1943.89,5000.0,insurance,0
0.54,27,1,mandate_expired,1798.68,5000.0,utility,1
0.91,40,2,bank_technical_error,1631.28,5000.0,subscription,1
0.39,22,2,insufficient_funds,2359.93,1000.0,insurance,1
0.73,46,0,mandate_expired,817.51,5000.0,subscription,1
0.37,39,0,mandate_revoked,669.02,5000.0,insurance,0
0.63,44,2,bank_technical_error,565.37,5000.0,insurance,1
0.88,39,1,mandate_expired,1372.69,5000.0,emi,1
0.46,7,0,mandate_expired,1920.29,5000.0,insurance,1
0.45,12,2,mandate_revoked,8622.22,9924.89,emi,0
0.78,5,0,insufficient_funds,6394.68,9532.12,insurance,1
0.47,37,2,insufficient_funds,14806.45,19401.87,emi,1
0.91,30,1,insufficient_funds,13264.38,17112.38,subscription,1
0.87,12,0,insufficient_funds,13461.07,5000.0,utility,1
0.85,4,2,insufficient_funds,1537.82,5000.0,insurance,1
0.79,40,2,bank_technical_error,3478.13,5000.0,utility,1
0.56,17,2,insufficient_funds,1196.01,5000.0,subscription,1
0.33,32,2,insufficient_funds,2860.55,5000.0,insurance,1
0.97,30,2,insufficient_funds,2010.76,5000.0,insurance,1
0.76,6,0,insufficient_funds,1792.22,5000.0,emi,0
0.97,41,0,insufficient_funds,6292.97,10807.39,subscription,1
0.69,12,0,insufficient_funds,537.22,1000.0,emi,1
0.68,35,2,mandate_revoked,1556.05,5000.0,utility,0
0.44,11,2,bank_technical_error,1601.0,5000.0,subscription,1
0.47,5,0,insufficient_funds,2895.85,5000.0,utility,1
0.54,41,2,insufficient_funds,1967.41,5000.0,utility,1
0.99,43,0,insufficient_funds,2040.47,5000.0,emi,1
0.34,42,2,insufficient_funds,2218.87,5000.0,emi,1
0.53,27,2,insufficient_funds,2902.52,5000.0,insurance,1
0.5,34,0,insufficient_funds,1877.43,5000.0,utility,1
0.61,9,1,insufficient_funds,710.93,5000.0,subscription,1
0.36,33,0,bank_technical_error,2770.8,5000.0,subscription,1
0.77,23,1,mandate_expired,484.63,5000.0,insurance,1
0.71,13,1,mandate_revoked,786.54,5000.0,emi,0
0.35,44,0,insufficient_funds,2859.32,3000.0,utility,1
0.51,41,1,insufficient_funds,530.65,5000.0,insurance,0
0.52,21,1,insufficient_funds,1780.22,2000.0,subscription,1
0.71,29,0,insufficient_funds,822.65,5000.0,utility,1
0.43,9,2,bank_technical_error,2422.5,5000.0,emi,1
0.36,30,1,mandate_revoked,1102.5,5000.0,utility,0
0.39,38,0,mandate_revoked,1966.8,5000.0,insurance,0
0.81,46,1,bank_technical_error,1880.25,5000.0,utility,1
0.48,11,0,insufficient_funds,2489.15,5000.0,utility,0
0.73,15,1,bank_technical_error,2855.04,2000.0,utility,1
0.43,4,0,insufficient_funds,1341.66,5000.0,utility,1
0.67,15,2,mandate_expired,1358.22,5000.0,insurance,1
0.38,32,2,insufficient_funds,2864.57,5000.0,utility,1
0.64,39,1,bank_technical_error,1912.74,5000.0,emi,1
0.3,41,0,insufficient_funds,2466.41,5000.0,subscription,1
0.55,35,2,insufficient_funds,786.17,5000.0,utility,0
0.41,24,0,mandate_expired,13519.92,5000.0,subscription,1
0.97,28,2,insufficient_funds,2834.38,5000.0,utility,1
0.79,23,2,bank_technical_error,11280.73,14095.95,utility,1
0.68,45,1,bank_technical_error,1024.63,5000.0,subscription,1
0.88,9,0,bank_technical_error,1924.27,2000.0,subscription,1
0.91,41,1,insufficient_funds,12637.12,13786.73,emi,1
0.44,8,2,mandate_expired,13209.18,15771.77,subscription,1
0.85,1,2,mandate_expired,10612.68,13286.13,emi,1
0.36,14,1,mandate_expired,2679.93,5000.0,utility,1
0.88,39,1,insufficient_funds,1704.52,3000.0,subscription,1
0.33,38,0,bank_technical_error,2878.66,5000.0,utility,1
0.59,34,2,bank_technical_error,646.16,5000.0,insurance,1
0.67,8,1,mandate_revoked,1556.51,2000.0,emi,0
0.9,38,0,insufficient_funds,2090.04,5000.0,subscription,1
0.73,7,0,insufficient_funds,2845.11,5000.0,subscription,1
0.58,20,1,mandate_expired,8787.19,9972.4,subscription,1
0.5,4,2,bank_technical_error,1437.02,5000.0,subscription,1
0.51,6,0,mandate_revoked,2542.82,5000.0,utility,0
0.62,47,2,mandate_revoked,861.46,5000.0,insurance,0
0.92,1,2,insufficient_funds,1098.1,5000.0,subscription,1
0.62,22,1,insufficient_funds,567.31,5000.0,emi,1
0.33,10,0,bank_technical_error,2069.4,5000.0,emi,1
0.85,43,2,mandate_expired,13418.42,17799.11,subscription,1
0.69,10,0,insufficient_funds,1636.08,5000.0,subscription,1
0.78,23,0,mandate_expired,626.9,5000.0,utility,1
0.41,18,1,insufficient_funds,2966.46,5000.0,insurance,1
0.62,14,1,insufficient_funds,1677.54,5000.0,insurance,1
0.47,39,0,mandate_expired,749.09,5000.0,subscription,1
0.31,7,1,bank_technical_error,1758.62,5000.0,insurance,1
0.77,17,1,insufficient_funds,293.92,5000.0,insurance,0
0.87,37,1,mandate_revoked,1649.56,5000.0,emi,0
0.48,29,2,mandate_revoked,1724.33,5000.0,subscription,0
0.32,6,2,mandate_revoked,1312.77,5000.0,insurance,0
0.8,9,0,bank_technical_error,2215.2,5000.0,utility,1
0.89,24,2,mandate_expired,1721.04,5000.0,utility,1
0.52,34,1,mandate_expired,1022.23,5000.0,subscription,1
0.76,43,1,insufficient_funds,2019.34,5000.0,subscription,1
0.98,7,2,bank_technical_error,2351.95,5000.0,emi,1
0.61,21,1,insufficient_funds,864.93,5000.0,utility,1
0.7,46,2,insufficient_funds,2253.27,5000.0,utility,1
0.32,34,0,insufficient_funds,2866.13,5000.0,insurance,1
0.36,44,1,mandate_expired,1710.01,5000.0,insurance,1
0.37,37,1,bank_technical_error,13698.35,14784.48,utility,1
0.32,6,0,insufficient_funds,734.79,5000.0,subscription,1
0.45,23,2,insufficient_funds,6882.85,10063.5,insurance,1
0.86,17,0,insufficient_funds,2039.48,5000.0,insurance,1
0.64,4,0,mandate_revoked,4628.1,5000.0,insurance,0
0.39,28,2,insufficient_funds,12044.3,16470.85,subscription,1
0.66,34,2,insufficient_funds,1390.23,5000.0,subscription,1
0.67,44,2,mandate_expired,8777.26,11087.78,emi,1
0.87,3,2,insufficient_funds,535.21,3000.0,subscription,1
0.45,5,1,insufficient_funds,1497.55,5000.0,emi,1
0.92,44,0,bank_technical_error,2358.46,5000.0,emi,1
0.99,24,2,insufficient_funds,1244.44,5000.0,subscription,1
0.88,38,1,insufficient_funds,6062.68,8346.51,emi,1
0.66,4,1,insufficient_funds,820.13,1000.0,insurance,1
0.75,39,1,mandate_revoked,2296.5,5000.0,utility,0
0.65,26,1,insufficient_funds,2493.26,5000.0,insurance,1
0.38,38,2,bank_technical_error,1283.62,5000.0,emi,1
0.3,48,1,mandate_revoked,2114.22,5000.0,utility,0
0.99,21,0,mandate_revoked,8123.64,9922.64,subscription,0
0.33,40,2,bank_technical_error,1893.83,5000.0,emi,1
0.82,16,2,insufficient_funds,2197.35,5000.0,utility,0
0.34,10,1,mandate_expired,2496.05,5000.0,utility,1
0.48,32,2,mandate_expired,13020.36,14078.62,subscription,0
0.68,11,2,insufficient_funds,1779.53,1000.0,emi,1
0.88,48,1,insufficient_funds,1280.86,5000.0,insurance,1
0.92,40,1,mandate_revoked,1523.93,3000.0,utility,0
0.95,16,0,insufficient_funds,1580.32,5000.0,emi,1
0.45,31,2,mandate_revoked,752.12,5000.0,emi,0
0.57,39,2,mandate_expired,1239.63,3000.0,insurance,1
0.55,40,0,insufficient_funds,1183.39,5000.0,insurance,1
0.76,41,0,mandate_revoked,2147.5,5000.0,utility,0
0.88,33,1,mandate_revoked,6352.58,7914.72,utility,0
0.4,20,1,mandate_expired,1023.01,5000.0,emi,1
0.37,44,2,mandate_expired,960.09,5000.0,insurance,0
0.84,38,0,insufficient_funds,12314.33,15928.98,insurance,1
0.31,4,1,insufficient_funds,12919.58,15344.32,emi,0
0.35,10,2,bank_technical_error,2364.13,5000.0,insurance,1
0.39,2,1,mandate_revoked,1534.32,5000.0,subscription,0
0.73,20,0,mandate_revoked,7315.92,9092.16,emi,0
0.7,5,1,mandate_expired,12699.93,14038.23,insurance,1
0.96,44,2,insufficient_funds,2574.62,5000.0,emi,1
0.83,39,2,bank_technical_error,3493.15,5000.0,insurance,1
0.79,13,0,bank_technical_error,1818.05,5000.0,insurance,1
0.46,7,2,insufficient_funds,2894.67,5000.0,subscription,1
0.56,12,0,insufficient_funds,7970.44,12593.52,emi,1
0.58,22,1,bank_technical_error,1401.12,1000.0,subscription,1
0.9,10,2,bank_technical_error,1256.16,1000.0,utility,1
0.67,32,1,mandate_expired,2003.41,5000.0,utility,1
0.86,40,1,insufficient_funds,6489.6,8363.71,subscription,1
0.32,8,0,insufficient_funds,7936.13,9830.54,subscription,0
0.45,19,1,mandate_revoked,1013.67,5000.0,subscription,0
0.84,1,2,mandate_expired,1288.87,5000.0,insurance,1
0.68,19,1,bank_technical_error,1731.74,5000.0,utility,1
0.34,31,2,bank_technical_error,919.5,5000.0,utility,1
0.52,38,2,insufficient_funds,2049.07,5000.0,insurance,0
0.32,42,0,mandate_expired,1079.05,5000.0,insurance,1
0.73,36,1,insufficient_funds,10525.98,14051.1,subscription,1
0.79,37,2,mandate_expired,12684.27,14711.53,utility,1
0.76,6,2,mandate_expired,1266.69,5000.0,utility,0
0.92,28,1,bank_technical_error,10985.22,14421.92,subscription,1
0.42,9,2,mandate_expired,769.75,5000.0,emi,1
0.99,41,2,bank_technical_error,1170.7,1000.0,utility,1
0.66,30,1,insufficient_funds,751.6,5000.0,emi,1
0.7,10,0,mandate_expired,1111.46,5000.0,insurance,1
0.96,30,0,bank_technical_error,981.52,5000.0,emi,1
0.61,40,1,bank_technical_error,8005.88,10481.63,utility,1
0.46,43,2,bank_technical_error,2303.68,3000.0,utility,1
0.45,29,1,insufficient_funds,2806.13,5000.0,emi,1
0.42,33,2,insufficient_funds,13913.86,15297.4,utility,1
0.43,20,0,insufficient_funds,13453.71,18430.05,insurance,1
0.5,28,0,insufficient_funds,1951.34,5000.0,insurance,0
0.79,44,2,insufficient_funds,2498.36,5000.0,utility,1
0.99,27,2,bank_technical_error,564.04,5000.0,insurance,1
0.99,48,2,insufficient_funds,6844.55,8031.16,utility,1
0.61,45,1,insufficient_funds,1018.11,5000.0,subscription,1
0.91,38,1,insufficient_funds,6241.89,10646.8,subscription,1
0.54,26,2,insufficient_funds,993.75,1000.0,subscription,1
0.95,8,0,mandate_revoked,2165.35,5000.0,insurance,0
0.83,30,0,bank_technical_error,1583.83,5000.0,utility,1
0.44,29,2,insufficient_funds,2099.71,5000.0,subscription,1
0.77,13,0,mandate_expired,1489.26,3000.0,utility,1
0.94,7,2,insufficient_funds,740.44,3000.0,utility,1
0.36,18,2,insufficient_funds,4897.11,5000.0,subscription,1
0.37,26,1,mandate_expired,10052.03,5000.0,subscription,1
0.8,5,0,bank_technical_error,13429.81,18196.86,utility,1
0.46,46,0,mandate_expired,2850.85,5000.0,emi,1
0.81,32,2,mandate_revoked,9064.17,10803.62,utility,0
0.79,4,1,mandate_expired,2911.56,5000.0,subscription,1
0.48,37,2,insufficient_funds,5646.82,8675.86,utility,1
0.98,43,0,bank_technical_error,756.7,5000.0,subscription,1
0.63,43,1,bank_technical_error,12274.83,16778.95,emi,1
0.63,20,0,mandate_revoked,1383.5,5000.0,insurance,0
0.75,35,0,bank_technical_error,11042.71,13726.64,insurance,1
0.87,43,2,insufficient_funds,2842.76,5000.0,subscription,1
0.83,44,2,mandate_revoked,791.03,5000.0,emi,0
0.86,28,0,insufficient_funds,1247.28,5000.0,utility,1
0.73,14,0,bank_technical_error,13551.39,17449.15,emi,1
0.52,19,0,mandate_expired,1572.19,5000.0,subscription,1
0.68,16,0,insufficient_funds,1409.69,5000.0,insurance,0
0.46,46,2,mandate_expired,2008.71,5000.0,emi,1
0.85,34,2,insufficient_funds,1514.97,5000.0,emi,1
0.72,18,2,bank_technical_error,1899.36,5000.0,insurance,1
0.7,31,2,mandate_expired,511.46,5000.0,subscription,1
0.67,39,2,mandate_revoked,2072.69,5000.0,subscription,0
0.9,25,2,insufficient_funds,1745.4,5000.0,emi,1
0.89,48,2,mandate_expired,2870.76,1000.0,insurance,1
0.76,15,0,mandate_expired,1645.15,1000.0,emi,1
0.39,1,1,insufficient_funds,1246.67,5000.0,utility,0
0.82,34,0,mandate_revoked,2999.01,5000.0,emi,0
0.45,46,0,insufficient_funds,1701.97,5000.0,emi,1
0.65,37,1,mandate_expired,9123.58,5000.0,insurance,0
0.89,13,0,bank_technical_error,527.8,5000.0,subscription,1
0.71,4,0,mandate_revoked,13337.22,18000.91,utility,0
0.7,1,2,mandate_revoked,2720.34,5000.0,utility,0
0.66,48,1,bank_technical_error,7353.51,8660.26,subscription,1
0.5,35,1,mandate_revoked,2259.75,1000.0,insurance,0
0.59,31,2,bank_technical_error,2420.01,5000.0,subscription,1
0.86,29,0,insufficient_funds,621.95,5000.0,utility,1
0.9,9,2,insufficient_funds,1148.62,5000.0,insurance,1
0.43,43,2,insufficient_funds,2164.98,2000.0,insurance,1
0.35,15,0,bank_technical_error,2127.68,5000.0,insurance,1
0.57,18,2,insufficient_funds,13649.7,16017.27,utility,1
0.47,1,2,mandate_revoked,812.08,5000.0,insurance,0
0.4,42,2,mandate_expired,2528.04,5000.0,emi,1
0.63,29,2,bank_technical_error,1509.42,5000.0,subscription,1
0.79,21,0,mandate_expired,1385.12,5000.0,insurance,1
0.5,43,0,insufficient_funds,1324.69,5000.0,insurance,1
0.65,39,0,mandate_expired,974.59,5000.0,utility,1
0.91,5,0,insufficient_funds,5461.67,7476.89,subscription,1
0.54,2,2,mandate_revoked,12146.88,16265.19,subscription,0
0.38,20,0,mandate_expired,2999.69,5000.0,emi,1
0.96,8,0,insufficient_funds,1450.12,5000.0,utility,1
0.42,45,1,mandate_expired,2456.17,5000.0,subscription,1
0.34,44,1,mandate_expired,1420.07,5000.0,subscription,0
0.64,48,0,mandate_revoked,2254.97,5000.0,emi,0
0.74,39,2,insufficient_funds,2042.3,5000.0,subscription,1
0.74,3,2,insufficient_funds,688.1,5000.0,subscription,1
0.79,21,1,mandate_expired,2827.84,5000.0,subscription,1
0.86,34,1,insufficient_funds,1246.17,5000.0,utility,1
0.85,4,2,mandate_expired,1558.33,5000.0,subscription,1
0.91,34,0,insufficient_funds,1881.67,1000.0,subscription,1
0.82,17,0,mandate_revoked,6274.51,5000.0,insurance,0
0.65,1,2,insufficient_funds,776.37,5000.0,subscription,1
0.93,30,0,insufficient_funds,1770.41,3000.0,insurance,1
0.91,23,1,bank_technical_error,881.0,3000.0,insurance,1
0.59,13,2,insufficient_funds,1201.71,5000.0,subscription,1
0.78,4,1,mandate_revoked,1700.24,5000.0,insurance,0
0.85,4,2,insufficient_funds,7838.26,8965.6,emi,1
0.8,32,2,mandate_revoked,13546.73,15318.75,subscription,0
0.92,15,0,insufficient_funds,2676.08,5000.0,emi,1
0.34,36,2,bank_technical_error,8709.21,12084.23,subscription,0
0.43,21,0,mandate_expired,1223.39,5000.0,subscription,1
0.89,5,1,mandate_expired,2054.69,5000.0,utility,1
0.36,22,0,mandate_revoked,2660.72,5000.0,utility,0
0.37,5,0,mandate_expired,1910.73,5000.0,emi,0
0.37,26,2,bank_technical_error,14417.91,18342.78,subscription,1
0.43,40,2,insufficient_funds,2110.97,5000.0,insurance,0
0.85,23,0,insufficient_funds,586.22,5000.0,insurance,1
0.43,29,1,bank_technical_error,6851.65,10093.81,utility,1
0.62,31,1,bank_technical_error,2218.39,5000.0,utility,1
0.7,44,1,bank_technical_error,1379.19,5000.0,emi,1
0.41,23,0,insufficient_funds,1614.28,5000.0,insurance,1
0.63,21,2,insufficient_funds,10726.98,12324.13,emi,0
0.74,21,1,bank_technical_error,775.66,5000.0,emi,1
0.6,42,2,insufficient_funds,1600.91,5000.0,subscription,0
0.46,20,0,mandate_revoked,2084.3,5000.0,emi,0
0.87,31,1,insufficient_funds,998.21,5000.0,subscription,1
0.6,16,2,insufficient_funds,4500.33,5000.0,insurance,1
0.88,27,0,mandate_expired,14543.07,16066.2,emi,1
0.88,20,1,insufficient_funds,3666.42,5000.0,emi,1
0.55,38,1,mandate_revoked,1713.47,5000.0,subscription,0
0.63,40,0,insufficient_funds,666.49,5000.0,insurance,1
0.85,25,2,mandate_revoked,1190.55,5000.0,insurance,0
0.41,23,0,insufficient_funds,1655.42,5000.0,utility,1
0.58,2,2,insufficient_funds,1421.67,5000.0,emi,1
0.51,29,2,bank_technical_error,2868.65,5000.0,emi,1
0.81,30,1,insufficient_funds,1679.69,3000.0,insurance,1
0.6,21,0,insufficient_funds,808.88,5000.0,insurance,1
0.48,28,0,insufficient_funds,11863.14,15399.34,emi,0
0.85,6,2,insufficient_funds,2831.07,5000.0,utility,1
0.54,11,1,mandate_expired,2243.13,5000.0,subscription,1
0.51,40,0,bank_technical_error,1150.42,5000.0,subscription,1
0.95,13,0,insufficient_funds,1324.47,5000.0,subscription,1
0.94,16,0,insufficient_funds,1694.23,5000.0,insurance,0
0.8,28,1,insufficient_funds,5948.95,7934.11,subscription,1
0.61,32,2,insufficient_funds,1916.21,2000.0,emi,1
0.55,38,2,mandate_revoked,9226.26,13914.59,subscription,0
0.89,23,1,bank_technical_error,1969.6,5000.0,insurance,1
0.77,39,1,mandate_revoked,1087.48,5000.0,insurance,0
0.47,23,1,insufficient_funds,14577.75,16393.23,emi,1
0.31,17,2,insufficient_funds,883.6,5000.0,insurance,1
0.47,1,0,bank_technical_error,1899.6,5000.0,emi,1
0.69,40,0,mandate_revoked,14461.9,16396.92,emi,0
0.55,24,2,insufficient_funds,595.86,5000.0,insurance,1
0.69,33,2,mandate_expired,2767.56,5000.0,insurance,1
0.7,27,2,mandate_expired,557.11,5000.0,utility,1
0.51,2,0,bank_technical_error,755.08,1000.0,emi,1
0.46,11,0,mandate_expired,11490.16,16444.79,subscription,0
0.67,11,2,bank_technical_error,1142.5,5000.0,emi,1
0.67,8,0,insufficient_funds,1235.73,5000.0,insurance,1
0.91,10,2,insufficient_funds,2164.19,5000.0,emi,1
0.65,44,2,mandate_expired,3238.16,5000.0,subscription,1
0.75,44,0,insufficient_funds,4137.84,5000.0,insurance,1
0.71,13,1,mandate_expired,1085.16,5000.0,emi,1
0.37,21,2,insufficient_funds,1223.37,5000.0,utility,1
0.41,2,2,insufficient_funds,1787.32,5000.0,subscription,1
0.34,18,1,bank_technical_error,538.68,5000.0,insurance,1
0.44,29,1,bank_technical_error,803.5,5000.0,utility,1
0.44,20,0,insufficient_funds,13506.75,16471.07,emi,1
0.5,4,0,insufficient_funds,9792.61,11030.0,utility,1
0.64,28,1,bank_technical_error,2353.75,5000.0,emi,1
0.37,30,0,bank_technical_error,1522.48,5000.0,emi,1
0.52,8,1,mandate_expired,2426.84,5000.0,utility,1
0.75,42,2,insufficient_funds,2464.68,5000.0,insurance,1
0.67,40,1,insufficient_funds,2395.91,5000.0,utility,1
0.38,19,0,insufficient_funds,610.46,5000.0,subscription,1
0.74,33,2,mandate_expired,614.28,5000.0,subscription,1
0.95,8,2,mandate_expired,825.77,5000.0,insurance,1
0.84,26,1,bank_technical_error,1022.23,5000.0,emi,1
0.58,29,1,insufficient_funds,4092.2,5000.0,utility,1
0.31,39,2,insufficient_funds,945.3,5000.0,insurance,1
0.3,39,1,insufficient_funds,2602.74,5000.0,emi,1
0.39,42,0,insufficient_funds,1274.06,5000.0,insurance,1
0.91,40,0,insufficient_funds,1300.05,5000.0,insurance,0
0.78,5,1,insufficient_funds,1129.16,1000.0,utility,1
0.56,33,1,insufficient_funds,1032.5,5000.0,subscription,1
0.87,46,0,bank_technical_error,2768.37,5000.0,emi,1
0.75,5,1,insufficient_funds,1379.04,1000.0,subscription,1
0.97,3,0,mandate_expired,2159.48,5000.0,insurance,1
0.56,24,0,mandate_revoked,668.84,5000.0,utility,0
0.32,29,0,insufficient_funds,1769.64,5000.0,utility,0
0.99,9,2,insufficient_funds,1918.24,5000.0,subscription,1
0.39,28,0,mandate_revoked,2506.91,5000.0,utility,0
0.51,16,0,mandate_expired,1276.87,5000.0,insurance,1
0.73,21,2,insufficient_funds,8244.64,9624.45,subscription,1
0.65,26,1,insufficient_funds,11187.27,13942.08,insurance,1
0.91,12,0,mandate_revoked,14511.93,16411.7,utility,0
0.32,43,2,bank_technical_error,2756.22,5000.0,utility,1
0.68,33,1,mandate_revoked,797.47,5000.0,subscription,0
0.82,40,1,bank_technical_error,1208.82,5000.0,emi,1
0.7,20,1,mandate_revoked,1376.51,5000.0,insurance,0
0.4,16,0,insufficient_funds,2848.84,5000.0,subscription,0
0.9,17,2,mandate_expired,975.77,5000.0,subscription,1
0.63,48,1,insufficient_funds,703.08,5000.0,utility,1
0.78,20,0,mandate_expired,2108.12,2000.0,subscription,1
0.7,24,0,mandate_expired,13243.43,14935.96,utility,1
0.83,43,1,insufficient_funds,2721.15,5000.0,subscription,1
0.42,38,2,bank_technical_error,558.02,5000.0,insurance,1
0.45,20,0,mandate_expired,994.88,5000.0,utility,1
0.93,35,0,insufficient_funds,2233.13,3000.0,subscription,1
0.89,48,2,mandate_revoked,2945.35,5000.0,utility,0
0.52,2,1,insufficient_funds,11100.49,14699.16,subscription,1
0.8,35,1,insufficient_funds,1904.23,5000.0,insurance,1
0.51,32,1,insufficient_funds,2104.41,5000.0,subscription,1
0.97,41,0,bank_technical_error,6542.79,8301.3,insurance,1
0.92,20,1,mandate_expired,879.91,5000.0,subscription,1
0.89,40,0,insufficient_funds,2698.53,5000.0,utility,1
0.95,31,0,insufficient_funds,1049.03,5000.0,utility,1
0.83,23,1,insufficient_funds,1554.22,5000.0,utility,1
0.44,6,0,insufficient_funds,6403.83,10288.43,utility,1
0.95,2,1,bank_technical_error,2311.58,5000.0,subscription,1
0.52,45,0,mandate_expired,1655.16,2000.0,utility,1
0.35,2,1,mandate_expired,7285.06,10510.22,subscription,1
0.96,25,0,insufficient_funds,9853.16,13000.78,subscription,1
0.51,35,0,insufficient_funds,13201.93,5000.0,subscription,1
0.93,8,2,bank_technical_error,2251.92,5000.0,insurance,1
0.68,22,1,mandate_expired,1852.76,5000.0,utility,0
0.35,42,2,bank_technical_error,1150.66,5000.0,utility,1
0.46,36,0,mandate_expired,1907.59,5000.0,insurance,1
0.68,35,2,insufficient_funds,1316.89,5000.0,subscription,1
0.39,48,2,mandate_expired,1010.09,5000.0,utility,1
0.38,29,2,insufficient_funds,1982.56,5000.0,emi,1
0.32,7,2,mandate_expired,2700.53,5000.0,emi,0
0.94,30,2,insufficient_funds,2797.09,5000.0,subscription,1
0.82,3,0,insufficient_funds,2881.21,5000.0,subscription,1
0.55,46,2,bank_technical_error,2225.36,5000.0,subscription,1
0.94,8,2,insufficient_funds,2789.95,5000.0,utility,1
0.7,15,2,insufficient_funds,1067.73,5000.0,insurance,1
0.39,26,2,mandate_expired,1327.65,5000.0,subscription,0
0.92,29,1,insufficient_funds,1862.81,5000.0,insurance,1
0.76,38,1,bank_technical_error,7599.84,11168.44,subscription,1
0.49,2,0,mandate_expired,2342.17,5000.0,subscription,1
0.38,35,1,insufficient_funds,1863.12,2000.0,utility,0
0.58,27,1,mandate_expired,3731.84,5000.0,utility,1
0.57,7,0,mandate_revoked,800.16,5000.0,emi,0
0.78,19,2,mandate_expired,1215.74,5000.0,utility,1
0.9,25,2,mandate_revoked,13432.28,15049.57,subscription,0
0.59,13,1,bank_technical_error,1566.48,3000.0,insurance,1
0.83,40,1,insufficient_funds,1704.13,1000.0,subscription,1
0.66,26,0,mandate_revoked,1831.48,5000.0,insurance,0
0.59,44,0,bank_technical_error,1092.36,5000.0,insurance,1
0.7,42,2,mandate_expired,790.64,5000.0,utility,0
0.41,17,0,insufficient_funds,1226.49,1000.0,subscription,1
0.95,13,2,insufficient_funds,2174.7,3000.0,subscription,1
0.77,17,2,insufficient_funds,2022.57,5000.0,subscription,1
0.93,36,1,mandate_expired,1314.33,5000.0,insurance,0
0.9,7,0,bank_technical_error,1976.53,1000.0,utility,1
0.51,37,2,bank_technical_error,1792.95,3000.0,subscription,1
0.39,36,2,insufficient_funds,1043.06,5000.0,emi,0
0.49,30,0,mandate_revoked,1387.94,5000.0,insurance,0
0.78,13,2,insufficient_funds,906.33,5000.0,subscription,1
0.42,34,0,bank_technical_error,2785.96,3000.0,subscription,1
0.6,11,2,bank_technical_error,1694.7,5000.0,emi,1
0.32,29,2,insufficient_funds,1967.51,5000.0,utility,1
0.35,21,2,mandate_expired,1432.31,5000.0,utility,1
0.98,18,0,mandate_expired,2187.17,5000.0,emi,1
0.77,15,1,insufficient_funds,2865.18,5000.0,subscription,1
0.44,20,2,mandate_revoked,6858.8,8845.78,utility,0
0.98,48,0,insufficient_funds,1976.49,5000.0,emi,0
0.47,40,1,bank_technical_error,2246.11,5000.0,utility,1
0.34,31,2,insufficient_funds,773.97,5000.0,subscription,1
0.99,26,1,insufficient_funds,1978.42,5000.0,utility,1
0.87,47,2,insufficient_funds,2455.2,3000.0,insurance,1
0.84,21,0,insufficient_funds,2577.33,5000.0,insurance,1
0.3,24,2,bank_technical_error,11940.59,13541.64,emi,1
0.3,5,0,insufficient_funds,9523.08,12606.81,utility,1
0.43,13,2,insufficient_funds,567.23,5000.0,utility,1
0.78,43,2,mandate_revoked,11198.19,12559.97,emi,0
0.36,14,1,insufficient_funds,1516.72,5000.0,insurance,1
0.67,20,2,insufficient_funds,1054.2,1000.0,insurance,1
0.86,5,0,insufficient_funds,2931.28,5000.0,insurance,1
0.62,23,0,bank_technical_error,408.96,5000.0,emi,1
0.74,31,2,insufficient_funds,376.12,5000.0,insurance,0
0.35,29,2,mandate_revoked,626.28,5000.0,emi,0
0.95,48,2,mandate_revoked,1355.33,5000.0,utility,0
0.65,24,1,mandate_revoked,1157.68,5000.0,emi,0
0.7,46,2,bank_technical_error,1877.95,5000.0,utility,1
0.81,18,1,mandate_expired,1348.5,5000.0,subscription,1
0.41,6,0,insufficient_funds,1094.84,5000.0,emi,1
0.77,4,1,insufficient_funds,5424.75,7783.25,subscription,1
0.77,9,0,bank_technical_error,1981.21,5000.0,utility,1
0.48,25,2,mandate_revoked,1513.07,5000.0,subscription,0
0.65,29,2,mandate_revoked,1810.3,5000.0,emi,0
0.53,22,2,insufficient_funds,2896.68,2000.0,subscription,1
0.43,42,1,insufficient_funds,9264.37,11688.99,subscription,1
0.51,42,1,mandate_revoked,2776.38,2000.0,subscription,0
0.43,3,1,mandate_expired,726.19,5000.0,emi,1
0.37,29,1,bank_technical_error,4660.37,5000.0,utility,1
0.43,21,0,mandate_revoked,1672.64,5000.0,insurance,0
0.36,4,1,insufficient_funds,2123.69,1000.0,subscription,1
0.63,35,1,insufficient_funds,825.44,5000.0,emi,1
0.43,18,0,insufficient_funds,2304.84,5000.0,emi,1
0.87,9,1,insufficient_funds,1428.94,5000.0,subscription,0
0.79,43,2,bank_technical_error,8190.17,9338.32,emi,1
0.44,21,2,insufficient_funds,14487.02,16996.23,insurance,1
0.32,28,1,bank_technical_error,1158.58,5000.0,emi,1
0.56,23,0,insufficient_funds,2511.21,5000.0,emi,1
0.58,4,0,insufficient_funds,13929.92,16933.93,utility,1
0.32,24,2,insufficient_funds,645.01,5000.0,insurance,0
0.69,8,1,insufficient_funds,8841.71,13194.15,utility,1
0.82,22,0,insufficient_funds,2844.9,5000.0,insurance,1
0.39,7,0,insufficient_funds,1938.47,5000.0,utility,1
0.82,3,2,insufficient_funds,2963.99,1000.0,insurance,1
0.45,15,1,insufficient_funds,1040.72,5000.0,emi,1
0.83,31,0,insufficient_funds,11647.57,14204.66,utility,1
0.43,28,2,mandate_revoked,2943.86,5000.0,insurance,0
0.58,34,1,bank_technical_error,2079.21,5000.0,utility,1
0.59,15,0,insufficient_funds,8133.5,13031.75,subscription,1
0.6,29,2,mandate_expired,2748.1,5000.0,utility,1
0.74,46,2,insufficient_funds,1525.76,5000.0,emi,1
0.52,22,2,mandate_expired,8287.17,12877.14,emi,1
0.58,15,2,mandate_revoked,3863.4,5000.0,emi,0
0.35,13,2,mandate_revoked,2814.59,5000.0,emi,0
0.58,7,2,bank_technical_error,995.82,5000.0,utility,1
0.83,27,2,mandate_revoked,845.29,3000.0,insurance,0
0.86,3,1,bank_technical_error,1123.37,5000.0,utility,1
0.75,36,2,bank_technical_error,2879.11,5000.0,insurance,1
0.5,44,2,insufficient_funds,2389.11,5000.0,emi,1
0.86,6,0,mandate_expired,799.62,5000.0,insurance,1
0.35,48,0,insufficient_funds,2494.52,5000.0,emi,1
0.65,36,0,mandate_expired,696.34,3000.0,subscription,1
0.55,43,2,mandate_expired,593.58,5000.0,emi,0
0.71,43,1,insufficient_funds,2846.47,5000.0,insurance,1
0.66,46,0,mandate_revoked,2465.58,5000.0,emi,0
0.48,47,1,insufficient_funds,1891.78,5000.0,subscription,1
0.94,12,2,bank_technical_error,1030.98,5000.0,utility,1
0.81,28,2,mandate_expired,718.55,5000.0,insurance,0
0.39,13,2,mandate_expired,2490.05,5000.0,emi,1
0.33,20,2,mandate_expired,1643.6,5000.0,emi,1
0.54,43,1,bank_technical_error,11462.13,14161.79,utility,1
0.79,38,0,mandate_expired,1984.05,5000.0,insurance,1
0.38,35,1,insufficient_funds,5030.91,9903.18,insurance,1
0.32,30,1,insufficient_funds,1557.78,5000.0,insurance,1
0.82,7,1,insufficient_funds,2732.5,5000.0,insurance,1
0.59,38,1,insufficient_funds,2663.84,1000.0,utility,1
0.84,43,2,bank_technical_error,2416.73,5000.0,emi,1
0.57,7,1,mandate_revoked,1783.69,5000.0,emi,0
0.54,47,0,mandate_expired,12797.73,16301.45,utility,1
0.39,21,1,insufficient_funds,2618.75,5000.0,insurance,1
0.38,43,2,bank_technical_error,2352.38,5000.0,subscription,1
0.42,20,2,mandate_revoked,1476.67,5000.0,utility,0
0.86,28,0,insufficient_funds,9889.9,11220.61,insurance,1
0.84,23,2,insufficient_funds,1763.58,5000.0,emi,1
0.65,24,0,insufficient_funds,3284.2,1000.0,insurance,1
0.67,36,1,insufficient_funds,3987.86,5000.0,utility,1
0.88,29,0,insufficient_funds,8681.26,11845.92,emi,1
0.66,35,0,mandate_revoked,3886.91,5000.0,utility,0
0.86,10,2,mandate_expired,1070.76,5000.0,utility,1
0.96,37,2,insufficient_funds,9017.07,12899.61,emi,1
0.64,21,1,mandate_revoked,1328.44,2000.0,emi,0
0.56,30,1,insufficient_funds,1930.64,5000.0,emi,1
0.61,24,1,bank_technical_error,2379.74,5000.0,insurance,1
0.94,44,0,insufficient_funds,2434.28,5000.0,subscription,1
0.51,32,0,insufficient_funds,7530.69,11637.61,utility,1
0.57,11,2,mandate_expired,10490.11,13628.26,subscription,1
0.95,22,1,mandate_expired,2604.4,5000.0,insurance,1
0.73,36,0,mandate_revoked,1403.67,5000.0,utility,0
0.4,46,2,insufficient_funds,2085.64,5000.0,insurance,1
0.6,9,2,bank_technical_error,12908.85,15277.68,utility,1
0.57,40,1,insufficient_funds,2121.44,5000.0,subscription,1
0.31,8,0,mandate_revoked,1852.88,1000.0,subscription,0
0.76,3,2,bank_technical_error,12940.79,17156.79,utility,1
0.93,30,0,mandate_expired,1226.89,5000.0,insurance,1
0.84,23,2,insufficient_funds,2894.9,3000.0,emi,1
0.45,25,2,mandate_revoked,11525.3,14823.63,insurance,0
0.66,45,1,bank_technical_error,1223.21,5000.0,emi,1
0.53,43,2,mandate_expired,14480.15,19378.4,insurance,1
0.31,18,0,bank_technical_error,1987.96,3000.0,subscription,1
0.64,1,1,mandate_expired,2649.97,1000.0,insurance,1
0.74,4,2,bank_technical_error,2068.51,5000.0,emi,1
0.51,24,1,mandate_expired,1502.48,5000.0,subscription,1
0.74,6,2,mandate_expired,8017.98,11202.86,insurance,1
0.79,41,2,insufficient_funds,2493.51,5000.0,emi,1
0.62,3,0,insufficient_funds,10744.09,12552.2,utility,1
0.91,44,0,mandate_expired,2935.47,5000.0,emi,1
0.81,35,2,insufficient_funds,5824.75,8839.58,subscription,1
0.69,19,1,bank_technical_error,1949.31,5000.0,subscription,1
0.88,37,0,insufficient_funds,2888.34,5000.0,subscription,1
0.36,42,2,bank_technical_error,5499.02,8071.17,insurance,1
0.45,30,0,insufficient_funds,10515.06,14191.44,subscription,1
0.66,24,0,bank_technical_error,1197.8,5000.0,insurance,1
0.72,5,0,bank_technical_error,547.94,5000.0,insurance,1
0.54,38,0,bank_technical_error,2959.1,5000.0,utility,1
0.67,37,0,mandate_revoked,629.9,5000.0,utility,0
0.63,10,0,bank_technical_error,1293.77,3000.0,subscription,1
0.42,21,2,bank_technical_error,6911.76,8774.94,subscription,1
0.56,43,1,bank_technical_error,1619.46,5000.0,subscription,1
0.81,48,0,bank_technical_error,2916.69,5000.0,subscription,1
0.46,3,1,mandate_expired,4784.09,5000.0,utility,1
0.69,41,2,insufficient_funds,1782.63,5000.0,utility,1
0.66,43,1,bank_technical_error,1691.39,5000.0,emi,1
0.81,13,1,insufficient_funds,13274.75,16240.84,subscription,1
0.37,19,2,mandate_expired,5152.77,6749.19,emi,1
0.35,34,2,mandate_expired,2706.17,5000.0,insurance,1
0.67,14,2,insufficient_funds,2627.39,5000.0,insurance,1
0.83,24,0,insufficient_funds,1510.46,5000.0,subscription,1
0.77,33,0,bank_technical_error,1591.46,5000.0,subscription,1
0.69,21,0,bank_technical_error,8872.65,12972.43,emi,1
0.95,43,1,insufficient_funds,2369.81,5000.0,emi,1
0.89,24,1,bank_technical_error,2513.07,5000.0,subscription,1
0.58,43,0,insufficient_funds,945.92,5000.0,utility,1
0.47,43,2,mandate_revoked,2704.02,5000.0,emi,0
0.74,47,0,mandate_revoked,638.84,5000.0,insurance,0
0.97,43,0,insufficient_funds,739.98,1000.0,emi,1
0.38,25,2,insufficient_funds,1681.57,5000.0,subscription,1
0.75,21,1,mandate_expired,4358.18,5000.0,subscription,0
0.35,45,0,insufficient_funds,13986.16,18763.51,insurance,1
0.63,23,1,insufficient_funds,5985.72,9717.31,insurance,1
0.48,39,0,mandate_expired,822.14,5000.0,utility,0
0.72,16,1,bank_technical_error,2015.02,5000.0,utility,1
0.4,23,2,insufficient_funds,1053.96,5000.0,subscription,1
0.5,7,0,mandate_revoked,4190.4,5000.0,subscription,0
0.44,40,0,insufficient_funds,699.53,5000.0,emi,1
0.32,26,0,mandate_revoked,7921.52,5000.0,subscription,0
0.87,32,0,mandate_expired,2929.68,5000.0,insurance,1
0.68,1,0,insufficient_funds,706.18,5000.0,emi,1
0.95,2,2,bank_technical_error,1354.92,5000.0,utility,1
0.82,32,0,mandate_revoked,2440.7,5000.0,subscription,0
0.63,4,2,mandate_expired,270.46,5000.0,emi,0
0.44,11,1,bank_technical_error,1734.61,5000.0,emi,1
0.72,7,2,insufficient_funds,957.17,5000.0,utility,1
0.79,1,0,mandate_revoked,896.2,5000.0,insurance,0
0.93,19,0,insufficient_funds,609.67,5000.0,utility,0
0.53,13,2,insufficient_funds,5014.48,6127.15,emi,1
0.63,30,0,insufficient_funds,2166.45,2000.0,insurance,1
0.77,31,2,mandate_revoked,7378.72,11083.36,subscription,0
0.6,25,1,insufficient_funds,2182.76,5000.0,insurance,1
0.33,28,2,mandate_expired,854.64,5000.0,emi,1
0.89,41,1,mandate_expired,1127.41,5000.0,utility,1
0.68,38,0,mandate_revoked,2959.71,5000.0,utility,0
0.48,44,2,mandate_revoked,906.5,5000.0,subscription,0
0.39,33,0,mandate_expired,2848.15,5000.0,subscription,1
0.94,33,2,insufficient_funds,2695.51,5000.0,insurance,1
0.4,33,2,mandate_expired,2734.38,5000.0,utility,1
0.6,19,2,mandate_expired,13456.6,16175.22,insurance,0
0.58,32,0,mandate_revoked,2524.97,5000.0,insurance,0
0.98,34,2,insufficient_funds,2835.45,5000.0,emi,1
0.83,30,2,mandate_revoked,14098.11,18380.04,utility,0
0.3,29,1,mandate_expired,1851.7,5000.0,subscription,1
0.88,45,1,insufficient_funds,3869.33,5000.0,utility,1
0.84,14,0,bank_technical_error,2953.5,5000.0,insurance,1
0.34,27,2,mandate_revoked,1128.06,5000.0,insurance,0
0.37,6,1,bank_technical_error,1258.84,5000.0,emi,1
0.55,14,2,insufficient_funds,1526.45,5000.0,emi,1
0.6,40,0,insufficient_funds,947.65,5000.0,emi,1
0.95,40,2,insufficient_funds,871.61,5000.0,subscription,1
0.58,22,2,insufficient_funds,319.51,5000.0,emi,1
0.53,16,0,bank_technical_error,1314.83,5000.0,insurance,1
0.59,37,2,insufficient_funds,2329.15,5000.0,emi,1
0.47,38,0,mandate_expired,8342.97,11298.22,subscription,1
0.55,33,2,insufficient_funds,13710.77,18590.06,utility,1
0.55,10,2,insufficient_funds,2815.63,5000.0,insurance,1
0.58,38,0,bank_technical_error,7059.18,8532.48,emi,1
0.37,39,0,mandate_expired,778.02,5000.0,insurance,1
0.9,38,1,insufficient_funds,11247.99,14030.75,emi,1
0.74,29,0,mandate_revoked,11884.95,15465.73,utility,0
0.82,7,0,mandate_revoked,792.67,5000.0,insurance,0
0.44,24,1,insufficient_funds,1539.79,5000.0,insurance,0
0.63,42,2,insufficient_funds,2636.6,5000.0,subscription,1
0.64,46,1,mandate_expired,1574.33,5000.0,subscription,0
0.5,30,0,insufficient_funds,2469.13,5000.0,emi,1
0.7,8,0,bank_technical_error,646.27,2000.0,utility,1
0.92,48,1,insufficient_funds,405.73,5000.0,utility,1
0.61,27,0,insufficient_funds,1246.67,5000.0,subscription,1
0.68,29,1,mandate_revoked,2243.27,3000.0,insurance,0
0.99,41,2,mandate_expired,9074.4,5000.0,emi,1
0.49,33,2,insufficient_funds,10118.04,13156.2,emi,1
0.98,37,0,mandate_revoked,2859.36,5000.0,emi,0
0.33,20,1,insufficient_funds,10399.6,13579.33,subscription,1
0.54,22,1,bank_technical_error,2139.71,5000.0,insurance,1
0.43,45,1,insufficient_funds,4860.02,5000.0,emi,0
0.65,17,1,mandate_revoked,1610.17,5000.0,utility,0
0.35,15,0,insufficient_funds,14134.45,15383.28,utility,1
0.74,5,2,insufficient_funds,14524.61,17836.12,emi,1
0.31,1,2,bank_technical_error,2541.82,5000.0,insurance,1
0.43,45,0,insufficient_funds,1895.67,5000.0,subscription,1
0.58,24,1,insufficient_funds,1203.14,2000.0,utility,1
0.92,38,1,insufficient_funds,778.61,5000.0,utility,1
0.91,38,0,mandate_revoked,2867.29,5000.0,utility,0
0.67,13,1,bank_technical_error,2880.86,5000.0,utility,1
0.33,8,0,insufficient_funds,994.34,5000.0,utility,1
0.93,33,0,bank_technical_error,7559.98,11110.78,emi,1
0.7,14,1,bank_technical_error,2465.77,5000.0,emi,0
0.83,20,0,insufficient_funds,10335.75,12608.2,utility,0
0.36,43,2,bank_technical_error,1438.75,5000.0,insurance,1
0.69,30,1,mandate_revoked,1267.39,5000.0,insurance,0
0.58,1,2,insufficient_funds,2155.93,5000.0,subscription,1
0.54,32,0,bank_technical_error,1344.97,3000.0,insurance,1
0.62,23,1,mandate_revoked,1053.53,5000.0,insurance,0
0.38,8,0,mandate_expired,12058.58,5000.0,emi,0
0.31,8,1,mandate_expired,945.58,5000.0,emi,1
0.57,20,0,mandate_expired,10901.52,13085.89,subscription,1
0.47,10,2,mandate_revoked,1542.95,5000.0,insurance,0
0.55,42,1,insufficient_funds,8102.1,10030.05,insurance,1
0.58,5,1,insufficient_funds,12839.22,15079.35,insurance,1
0.61,38,2,insufficient_funds,2543.87,5000.0,emi,1
0.48,12,2,insufficient_funds,1819.24,3000.0,insurance,1
0.58,25,2,mandate_expired,2965.05,2000.0,emi,1
0.65,39,0,insufficient_funds,2647.69,5000.0,utility,1
0.81,12,2,insufficient_funds,2611.81,5000.0,utility,0
0.97,48,0,insufficient_funds,1824.86,5000.0,insurance,1
0.57,48,1,mandate_expired,2876.57,3000.0,emi,0
0.69,48,2,bank_technical_error,1120.09,5000.0,emi,1
0.62,40,1,insufficient_funds,2877.6,5000.0,insurance,1
0.95,38,2,bank_technical_error,4909.64,5000.0,subscription,1
0.87,33,2,insufficient_funds,1621.48,5000.0,subscription,1
0.32,27,2,mandate_expired,2034.57,5000.0,subscription,0
0.89,40,0,bank_technical_error,2309.64,5000.0,emi,1
0.96,10,2,insufficient_funds,6161.73,8263.48,utility,1
0.87,46,2,mandate_revoked,500.47,5000.0,subscription,0
0.5,34,0,mandate_expired,7392.25,9179.61,utility,1
0.67,42,2,mandate_expired,1326.73,5000.0,subscription,0
0.62,38,0,bank_technical_error,1160.26,5000.0,utility,1
0.53,24,1,mandate_expired,1096.61,3000.0,utility,1
0.92,46,0,mandate_expired,1872.51,5000.0,utility,1
0.78,44,1,mandate_revoked,1855.96,5000.0,emi,0
0.34,27,2,mandate_expired,2887.38,5000.0,subscription,1
0.42,29,0,bank_technical_error,1813.85,5000.0,insurance,1
0.35,22,0,insufficient_funds,9529.06,11885.01,utility,1
0.97,26,0,insufficient_funds,2663.06,5000.0,emi,1
0.73,31,1,insufficient_funds,735.87,5000.0,utility,1
0.73,29,1,insufficient_funds,2380.69,5000.0,emi,1
0.7,42,1,insufficient_funds,11364.99,14998.95,subscription,1
0.63,47,0,insufficient_funds,2221.96,5000.0,emi,1
0.46,39,1,insufficient_funds,2904.34,5000.0,emi,1
0.86,37,2,insufficient_funds,1184.91,5000.0,subscription,1
0.39,20,2,mandate_revoked,2589.9,5000.0,emi,0
0.46,12,0,insufficient_funds,5864.81,9853.16,insurance,1
0.92,26,2,insufficient_funds,1026.82,2000.0,emi,1
0.55,1,1,mandate_expired,13069.62,5000.0,emi,1
0.63,10,1,insufficient_funds,733.07,5000.0,emi,1
0.46,12,0,bank_technical_error,1458.49,5000.0,emi,1
0.59,47,1,insufficient_funds,2112.93,5000.0,insurance,1
0.94,36,1,mandate_revoked,3174.4,3000.0,subscription,0
0.43,25,2,insufficient_funds,6452.6,8531.82,emi,1
0.88,21,2,bank_technical_error,10412.47,12981.29,emi,1
0.46,43,0,insufficient_funds,2088.51,5000.0,subscription,1
0.61,31,0,insufficient_funds,1192.91,5000.0,subscription,1
0.96,33,1,mandate_revoked,879.13,5000.0,insurance,0
0.87,31,2,mandate_expired,14505.26,17312.59,subscription,1
0.39,43,1,bank_technical_error,2037.72,3000.0,subscription,1
0.59,32,1,insufficient_funds,899.96,5000.0,insurance,1
0.33,37,1,insufficient_funds,1758.07,5000.0,emi,0
0.41,21,1,mandate_expired,5395.8,6732.96,insurance,0
0.69,48,0,insufficient_funds,9234.01,12187.45,utility,1
0.34,15,2,insufficient_funds,11223.12,12626.69,insurance,1
0.94,46,2,mandate_expired,1082.16,5000.0,emi,1
0.62,9,2,insufficient_funds,2271.97,5000.0,insurance,1
0.84,12,0,mandate_revoked,999.76,2000.0,insurance,0
0.85,48,1,mandate_expired,2651.3,5000.0,subscription,1
0.33,24,0,insufficient_funds,656.41,5000.0,utility,1
0.49,28,2,mandate_revoked,2245.49,1000.0,insurance,0
0.64,25,1,mandate_expired,563.49,5000.0,utility,1
0.87,8,0,insufficient_funds,2284.65,5000.0,subscription,0
0.7,15,1,mandate_expired,7419.54,5000.0,utility,0
0.73,29,0,mandate_expired,8597.05,12337.39,emi,1
0.82,24,2,insufficient_funds,10977.15,14952.46,insurance,1
0.46,31,1,mandate_expired,2684.23,5000.0,utility,1
0.75,34,1,mandate_expired,6105.53,9436.17,emi,1
0.82,16,2,insufficient_funds,9783.69,13883.79,emi,1
0.33,4,0,insufficient_funds,3699.97,5000.0,utility,1
0.9,6,1,mandate_revoked,1244.8,5000.0,subscription,0
0.82,41,1,insufficient_funds,1809.07,5000.0,emi,1
0.82,19,2,insufficient_funds,12198.95,16062.63,insurance,1
0.76,17,0,insufficient_funds,2746.48,5000.0,subscription,1
0.71,27,0,insufficient_funds,5272.81,7900.83,insurance,1
0.89,30,2,mandate_expired,2029.93,1000.0,utility,1
0.65,43,2,bank_technical_error,7610.88,5000.0,utility,1
0.53,11,2,insufficient_funds,2797.87,5000.0,utility,1
0.61,44,2,insufficient_funds,2023.98,5000.0,insurance,0
0.69,37,0,bank_technical_error,13880.95,5000.0,subscription,1
0.8,28,0,bank_technical_error,1802.3,5000.0,emi,1
0.39,12,2,mandate_expired,547.57,5000.0,insurance,1
0.83,29,1,insufficient_funds,1241.45,5000.0,emi,1
0.86,4,1,mandate_expired,1799.11,5000.0,subscription,1
0.75,27,1,mandate_revoked,12358.35,14348.36,insurance,0
0.96,9,2,insufficient_funds,2919.02,5000.0,utility,1
0.33,21,1,insufficient_funds,1590.02,1000.0,utility,1
0.39,43,1,mandate_expired,2202.9,5000.0,emi,1
0.51,41,2,bank_technical_error,12680.0,17426.4,insurance,1
0.43,43,1,insufficient_funds,13001.72,5000.0,subscription,1
0.96,33,2,mandate_expired,1204.41,5000.0,utility,1
0.43,36,0,bank_technical_error,966.22,5000.0,utility,1
0.31,40,2,mandate_expired,2781.44,5000.0,emi,1
0.82,30,0,insufficient_funds,2482.99,5000.0,utility,1
0.43,16,1,insufficient_funds,4971.01,5000.0,subscription,1
0.45,9,0,mandate_revoked,1866.51,5000.0,emi,0
0.75,36,2,insufficient_funds,2450.58,5000.0,insurance,1
0.53,5,0,bank_technical_error,2222.73,5000.0,insurance,1
0.9,40,2,bank_technical_error,2747.93,5000.0,utility,1
0.43,26,1,insufficient_funds,1814.74,5000.0,emi,1
0.96,40,2,mandate_revoked,2990.41,5000.0,insurance,0
0.31,24,1,mandate_revoked,1925.14,5000.0,emi,0
0.42,8,2,bank_technical_error,1280.81,5000.0,insurance,1
0.84,43,2,insufficient_funds,2041.22,5000.0,insurance,1
0.86,17,1,insufficient_funds,2776.04,5000.0,emi,1
0.78,39,0,mandate_expired,8903.36,12745.99,insurance,1
0.31,45,2,bank_technical_error,2995.66,5000.0,insurance,1
0.91,40,0,mandate_expired,13960.34,5000.0,emi,1
0.97,35,2,insufficient_funds,2847.61,5000.0,utility,1
0.87,47,2,mandate_revoked,1072.05,5000.0,insurance,0
0.37,13,2,mandate_expired,1289.53,5000.0,subscription,0
0.48,8,2,insufficient_funds,2066.75,2000.0,subscription,1
0.79,35,1,bank_technical_error,3248.1,5000.0,emi,1
0.55,37,2,bank_technical_error,1497.06,5000.0,insurance,1
0.81,8,0,bank_technical_error,1169.91,5000.0,emi,1
0.85,47,2,mandate_expired,2970.59,5000.0,emi,1
0.36,18,1,insufficient_funds,7247.01,9935.32,subscription,1
0.87,8,0,mandate_expired,1828.64,5000.0,utility,1
0.73,12,0,insufficient_funds,2271.75,5000.0,subscription,1
0.32,20,0,bank_technical_error,642.29,3000.0,insurance,1
0.93,24,0,insufficient_funds,2014.8,5000.0,insurance,0
0.53,40,2,mandate_expired,2051.1,5000.0,insurance,1
0.96,37,2,insufficient_funds,813.19,5000.0,emi,1
0.54,42,2,mandate_expired,1500.8,5000.0,subscription,1
0.6,27,1,mandate_revoked,2668.98,2000.0,utility,0
0.67,42,2,insufficient_funds,2348.28,5000.0,insurance,1
0.32,45,1,insufficient_funds,1870.75,1000.0,emi,1
0.45,8,2,mandate_revoked,2053.31,5000.0,subscription,0
0.47,35,2,bank_technical_error,1784.05,5000.0,utility,1
0.87,34,1,insufficient_funds,1889.68,5000.0,subscription,1
0.35,17,1,mandate_revoked,14379.24,16953.41,insurance,0
0.77,45,1,mandate_expired,1693.53,1000.0,emi,1
0.81,2,2,insufficient_funds,2171.66,5000.0,insurance,1
0.63,13,2,mandate_revoked,1450.04,5000.0,emi,0
0.41,41,0,mandate_expired,2563.57,5000.0,utility,1
0.47,41,1,bank_technical_error,1984.42,5000.0,emi,1
0.47,40,2,mandate_expired,1581.72,5000.0,utility,1
0.66,32,1,bank_technical_error,2709.18,5000.0,emi,1
0.54,22,0,bank_technical_error,2534.76,1000.0,emi,1
0.76,40,1,insufficient_funds,14017.94,16262.75,subscription,1
0.75,34,2,insufficient_funds,1659.87,5000.0,emi,1
0.87,48,1,bank_technical_error,1432.26,2000.0,insurance,1
0.8,2,2,insufficient_funds,11758.09,13960.61,insurance,1
0.76,10,1,mandate_revoked,2419.02,5000.0,insurance,0
0.37,40,1,bank_technical_error,8329.28,12251.47,utility,1
0.93,26,1,bank_technical_error,2104.81,5000.0,insurance,1
0.96,32,2,bank_technical_error,580.48,5000.0,emi,1
0.69,18,0,mandate_revoked,4590.49,3000.0,utility,0
0.61,43,1,mandate_revoked,688.5,5000.0,emi,0
0.68,24,1,insufficient_funds,1694.26,5000.0,emi,1
0.44,6,2,bank_technical_error,1256.17,5000.0,emi,1
0.33,8,2,insufficient_funds,1199.17,2000.0,subscription,1
0.74,28,1,mandate_expired,2583.56,5000.0,utility,1
0.34,15,2,bank_technical_error,1909.66,5000.0,emi,1
0.39,24,1,insufficient_funds,1020.18,5000.0,utility,1
0.95,10,0,insufficient_funds,2862.81,5000.0,insurance,1
0.68,21,2,insufficient_funds,2742.98,5000.0,insurance,1
0.78,14,0,insufficient_funds,688.97,5000.0,insurance,1
0.37,31,2,insufficient_funds,1575.59,5000.0,insurance,1
0.37,41,2,mandate_expired,1682.34,5000.0,emi,1
0.74,16,0,insufficient_funds,2859.22,5000.0,subscription,1
0.86,25,1,insufficient_funds,834.59,5000.0,subscription,1
0.37,47,0,mandate_revoked,1827.34,5000.0,utility,0
0.32,19,0,insufficient_funds,2354.76,5000.0,emi,1
0.52,6,2,insufficient_funds,1141.07,5000.0,subscription,1
0.54,44,2,insufficient_funds,2142.19,5000.0,emi,0
0.3,47,0,bank_technical_error,1278.76,5000.0,utility,1
0.36,40,2,insufficient_funds,741.09,5000.0,emi,1
0.31,39,0,insufficient_funds,2961.33,5000.0,utility,1
0.66,1,0,bank_technical_error,2202.32,2000.0,utility,1
0.74,3,0,mandate_revoked,10293.53,14351.02,utility,0
0.93,16,0,mandate_revoked,2933.12,5000.0,subscription,0
0.71,17,2,insufficient_funds,2339.7,5000.0,insurance,1
0.76,29,2,mandate_revoked,1819.26,5000.0,insurance,0
0.81,24,2,bank_technical_error,227.37,5000.0,emi,1
0.46,11,0,bank_technical_error,2361.59,5000.0,insurance,1
0.44,40,1,mandate_revoked,1611.15,5000.0,insurance,0
0.57,46,1,mandate_expired,1609.79,5000.0,emi,1
0.97,19,2,bank_technical_error,2461.91,3000.0,emi,1
0.97,5,2,insufficient_funds,2063.33,5000.0,subscription,1
0.51,25,1,bank_technical_error,2188.67,5000.0,subscription,1
0.46,6,2,bank_technical_error,10512.72,13963.15,utility,1
0.91,17,0,insufficient_funds,1238.99,5000.0,insurance,1
0.73,29,2,insufficient_funds,2572.56,5000.0,utility,1
0.61,23,1,insufficient_funds,1993.59,3000.0,subscription,1
0.73,10,2,mandate_expired,1782.17,5000.0,insurance,1
0.88,39,1,insufficient_funds,2975.36,5000.0,utility,1
0.64,14,1,mandate_expired,5976.15,5000.0,insurance,0
0.98,46,2,mandate_revoked,635.95,5000.0,emi,0
0.97,23,1,insufficient_funds,570.91,5000.0,subscription,1
0.84,21,1,mandate_expired,2222.78,5000.0,insurance,1
0.43,19,2,mandate_revoked,2490.75,5000.0,emi,0
0.58,2,2,mandate_expired,2490.11,5000.0,subscription,1
0.71,21,1,mandate_expired,1003.18,5000.0,emi,1
0.37,1,1,insufficient_funds,1088.64,1000.0,insurance,1
0.34,2,2,mandate_expired,2454.73,5000.0,subscription,1
0.75,11,2,insufficient_funds,1340.54,5000.0,emi,0
0.59,48,2,insufficient_funds,6370.17,7656.33,emi,1
0.4,20,2,insufficient_funds,793.43,5000.0,insurance,1
0.33,3,0,insufficient_funds,2472.47,5000.0,insurance,0
0.97,28,1,mandate_expired,1074.9,5000.0,emi,1
0.4,4,2,bank_technical_error,12128.55,14081.54,subscription,0
0.65,29,1,mandate_expired,1836.26,5000.0,utility,1
0.68,5,0,insufficient_funds,1050.38,5000.0,subscription,1
0.43,23,2,insufficient_funds,14578.82,18578.07,insurance,1
0.48,5,1,insufficient_funds,1992.29,5000.0,utility,1
0.46,22,2,insufficient_funds,10020.26,14349.04,emi,1
0.56,4,0,mandate_expired,10925.93,14246.87,emi,1
0.79,35,2,insufficient_funds,2426.58,5000.0,insurance,1
0.98,3,1,mandate_revoked,2387.18,5000.0,insurance,0
0.7,3,1,insufficient_funds,652.38,5000.0,insurance,1
0.64,12,0,insufficient_funds,1259.84,5000.0,insurance,1
0.63,33,0,insufficient_funds,1628.43,5000.0,utility,1
0.51,30,2,insufficient_funds,829.24,5000.0,insurance,1
0.98,25,2,mandate_expired,2498.9,5000.0,utility,1
0.79,7,0,mandate_revoked,929.37,5000.0,utility,0
0.5,16,0,mandate_revoked,14960.49,17866.76,emi,0
0.81,1,1,mandate_revoked,2472.59,5000.0,emi,0
0.33,32,2,insufficient_funds,2491.55,5000.0,subscription,1
0.65,18,2,bank_technical_error,2072.54,5000.0,subscription,1
0.48,46,0,mandate_expired,2042.59,5000.0,emi,1
0.53,18,2,insufficient_funds,1618.66,5000.0,insurance,1
0.37,2,1,bank_technical_error,2000.92,5000.0,utility,1
0.74,37,0,insufficient_funds,2625.91,5000.0,insurance,1
0.87,12,2,mandate_revoked,1969.29,5000.0,subscription,0
0.58,7,0,insufficient_funds,660.71,5000.0,utility,1
0.63,32,0,bank_technical_error,643.51,5000.0,insurance,1
0.7,36,0,insufficient_funds,8526.65,12699.46,subscription,1
0.3,30,1,insufficient_funds,12295.61,17080.62,insurance,1
0.36,11,1,insufficient_funds,6662.39,8208.81,emi,1
0.33,26,2,insufficient_funds,3392.25,5000.0,subscription,1
0.39,15,0,bank_technical_error,2124.61,3000.0,utility,1
0.76,8,0,insufficient_funds,9008.76,10973.64,emi,1
0.37,33,1,insufficient_funds,2597.13,1000.0,emi,1
0.79,12,2,insufficient_funds,1753.62,5000.0,insurance,0
0.33,13,0,insufficient_funds,2932.25,5000.0,subscription,1
0.36,32,1,insufficient_funds,538.78,5000.0,utility,1
0.38,29,1,insufficient_funds,2654.08,5000.0,subscription,1
0.85,28,2,insufficient_funds,920.05,5000.0,subscription,1
0.35,6,2,bank_technical_error,9951.29,12463.19,subscription,1
0.47,30,1,insufficient_funds,2332.39,5000.0,emi,1
0.69,12,2,insufficient_funds,5282.63,7298.22,insurance,1
0.35,15,2,insufficient_funds,2321.11,5000.0,emi,1
0.93,26,1,insufficient_funds,639.46,5000.0,utility,1
0.93,33,2,insufficient_funds,13726.09,15851.9,utility,1
0.82,33,0,insufficient_funds,1486.01,5000.0,insurance,1
0.73,17,2,insufficient_funds,570.57,5000.0,subscription,1
0.58,1,2,insufficient_funds,1856.08,5000.0,insurance,1
0.74,35,0,insufficient_funds,867.8,3000.0,insurance,1
0.92,10,1,mandate_revoked,2146.37,5000.0,subscription,0
0.51,41,1,mandate_revoked,678.58,5000.0,utility,0
0.36,18,1,mandate_revoked,1406.05,5000.0,utility,0
0.73,3,1,mandate_expired,603.7,2000.0,utility,1
0.64,16,1,bank_technical_error,6141.0,9791.75,utility,1
0.93,16,0,insufficient_funds,1085.54,5000.0,emi,1
0.73,45,0,insufficient_funds,13666.86,14918.51,insurance,1
0.88,3,1,mandate_expired,1184.77,5000.0,utility,1
0.56,41,2,insufficient_funds,1411.14,5000.0,subscription,1
0.77,39,2,insufficient_funds,1693.94,5000.0,utility,1
0.41,8,1,bank_technical_error,742.66,5000.0,insurance,1
0.84,23,0,insufficient_funds,2530.21,5000.0,insurance,1
0.56,21,0,bank_technical_error,2995.22,5000.0,utility,1
0.78,20,1,insufficient_funds,12610.59,13825.09,emi,1
0.62,2,2,mandate_expired,2326.06,5000.0,subscription,1
0.76,35,1,insufficient_funds,9594.95,13225.95,subscription,1
0.7,37,2,insufficient_funds,623.18,5000.0,utility,1
0.66,36,0,mandate_revoked,1784.53,5000.0,subscription,0
0.48,2,0,mandate_revoked,901.05,5000.0,utility,0
0.97,14,2,insufficient_funds,2373.07,2000.0,subscription,1
0.75,3,2,mandate_revoked,821.89,5000.0,insurance,0
0.63,31,0,insufficient_funds,1576.97,5000.0,emi,1
0.64,27,1,insufficient_funds,6151.29,7527.27,subscription,1
0.54,30,1,bank_technical_error,7682.53,10663.44,insurance,1
0.4,23,0,mandate_expired,534.76,5000.0,subscription,1
0.34,20,2,insufficient_funds,14079.51,5000.0,subscription,1
0.74,45,0,insufficient_funds,2028.22,5000.0,emi,1
0.95,15,1,mandate_expired,583.93,5000.0,insurance,1
0.68,11,0,insufficient_funds,1835.99,5000.0,subscription,1
0.96,26,1,insufficient_funds,1975.29,5000.0,insurance,1
0.67,33,0,mandate_expired,1413.31,2000.0,insurance,1
0.54,3,1,insufficient_funds,1556.74,5000.0,insurance,1
0.68,43,1,mandate_expired,4813.94,5000.0,insurance,1
0.71,31,1,bank_technical_error,1436.86,5000.0,insurance,1
0.91,32,0,mandate_expired,6078.01,8305.83,utility,1
0.98,17,0,insufficient_funds,3508.97,5000.0,utility,1
0.55,18,1,insufficient_funds,1272.31,5000.0,subscription,1
0.42,47,2,mandate_revoked,1975.95,5000.0,insurance,0
0.87,15,1,insufficient_funds,2948.38,3000.0,subscription,1
0.32,28,2,bank_technical_error,1331.48,2000.0,utility,1
0.64,29,2,insufficient_funds,1695.11,5000.0,insurance,1
0.5,5,0,bank_technical_error,879.71,5000.0,subscription,1
0.61,13,1,insufficient_funds,1879.91,5000.0,subscription,1
0.81,36,0,insufficient_funds,2116.71,5000.0,utility,1
0.32,26,2,mandate_expired,1385.03,5000.0,emi,1
0.83,44,2,bank_technical_error,2512.05,3000.0,utility,1
0.9,9,0,bank_technical_error,7403.44,12334.83,insurance,1
0.89,38,0,insufficient_funds,2305.94,5000.0,emi,0
0.36,29,0,bank_technical_error,1580.51,5000.0,emi,1
0.54,19,0,insufficient_funds,925.1,5000.0,insurance,1
0.7,44,0,bank_technical_error,796.32,5000.0,utility,1
0.77,32,1,mandate_expired,2087.62,5000.0,insurance,1
0.94,37,1,bank_technical_error,2312.94,5000.0,subscription,1
0.86,24,2,mandate_expired,549.21,2000.0,emi,1
0.65,30,1,insufficient_funds,1183.23,5000.0,insurance,1
0.77,22,2,insufficient_funds,14619.79,15988.26,insurance,1
0.85,44,2,bank_technical_error,1670.23,5000.0,subscription,1
0.68,29,2,insufficient_funds,2369.2,5000.0,utility,1
0.92,22,0,insufficient_funds,1676.43,5000.0,utility,1
0.92,25,2,mandate_expired,1279.98,5000.0,insurance,0
0.56,26,1,bank_technical_error,2859.93,5000.0,utility,1
0.98,36,2,mandate_revoked,2067.09,5000.0,subscription,0
0.54,41,0,mandate_revoked,11579.37,5000.0,subscription,0
0.82,23,0,mandate_expired,1013.5,5000.0,utility,1
0.93,29,1,insufficient_funds,1814.13,5000.0,subscription,1
0.61,40,0,bank_technical_error,938.07,5000.0,subscription,1
0.96,19,1,bank_technical_error,2434.67,5000.0,insurance,1
0.66,6,2,mandate_expired,1746.14,5000.0,insurance,1
0.3,25,1,insufficient_funds,4404.2,5000.0,subscription,1
0.51,16,2,bank_technical_error,1941.75,5000.0,insurance,1
0.36,34,2,bank_technical_error,2486.94,5000.0,insurance,1
0.61,9,0,bank_technical_error,2134.65,5000.0,insurance,1
0.56,14,0,mandate_revoked,1125.06,5000.0,subscription,0
0.47,44,2,insufficient_funds,1792.73,5000.0,utility,1
0.97,9,0,insufficient_funds,1790.33,3000.0,insurance,1
0.75,4,1,mandate_expired,1159.51,5000.0,insurance,1
0.47,7,1,mandate_revoked,564.47,5000.0,emi,0
0.89,22,1,bank_technical_error,3369.85,2000.0,insurance,1
0.85,25,1,mandate_revoked,816.02,5000.0,emi,0
0.37,48,2,insufficient_funds,2558.66,5000.0,emi,1
0.56,2,2,insufficient_funds,7447.79,8792.17,insurance,1
0.61,16,2,mandate_revoked,4367.98,5000.0,emi,0
0.74,4,2,mandate_expired,1654.52,1000.0,utility,0
0.57,37,1,insufficient_funds,1099.14,5000.0,insurance,1
0.67,5,1,bank_technical_error,2889.98,5000.0,subscription,1
0.57,27,2,mandate_expired,2506.05,2000.0,subscription,1
0.53,46,0,insufficient_funds,6877.81,10727.7,insurance,0
0.69,7,1,insufficient_funds,9453.5,14302.04,subscription,1
0.52,39,1,insufficient_funds,4287.31,5000.0,utility,1
0.58,35,2,bank_technical_error,2515.41,5000.0,emi,1
0.45,15,2,mandate_revoked,2368.06,5000.0,utility,0
0.77,12,1,insufficient_funds,2472.41,5000.0,subscription,1
0.88,35,2,mandate_revoked,7130.62,8200.9,insurance,0
0.63,14,2,insufficient_funds,1838.76,5000.0,utility,1
0.33,1,0,bank_technical_error,3449.8,5000.0,emi,1
0.62,35,0,insufficient_funds,2754.58,5000.0,subscription,1
0.97,40,0,mandate_expired,819.77,5000.0,emi,1
0.96,11,2,insufficient_funds,1666.54,5000.0,utility,1
0.41,37,0,mandate_expired,2192.97,1000.0,subscription,1
0.84,15,0,mandate_expired,2820.95,5000.0,insurance,1
0.83,7,2,bank_technical_error,2029.81,5000.0,emi,1
0.84,4,1,insufficient_funds,2063.29,5000.0,subscription,1
0.53,1,1,insufficient_funds,1297.33,5000.0,emi,0
0.71,45,1,bank_technical_error,715.39,5000.0,insurance,1
0.88,15,1,mandate_revoked,1749.83,5000.0,subscription,0
0.84,9,1,insufficient_funds,2834.49,5000.0,insurance,1
0.35,14,0,insufficient_funds,2367.23,2000.0,subscription,1
0.48,40,1,insufficient_funds,697.33,5000.0,insurance,1
0.72,41,0,bank_technical_error,10013.62,13564.21,subscription,1
0.8,19,1,insufficient_funds,2266.0,5000.0,emi,1
0.55,10,2,bank_technical_error,3226.21,5000.0,utility,1
0.39,28,1,mandate_revoked,851.1,5000.0,subscription,0
0.88,23,0,mandate_expired,10723.09,5000.0,emi,0
0.36,23,2,mandate_expired,2541.61,5000.0,insurance,1
0.32,22,1,mandate_revoked,2158.36,5000.0,insurance,0
0.95,20,1,mandate_expired,2639.92,5000.0,insurance,1
0.44,24,0,mandate_expired,9145.07,11372.0,emi,0
0.38,37,1,mandate_expired,2609.45,5000.0,emi,1
0.3,9,1,bank_technical_error,1167.26,5000.0,subscription,1
0.66,38,0,mandate_expired,8964.25,13528.72,utility,0
0.97,47,1,bank_technical_error,1429.56,5000.0,utility,1
0.58,19,2,insufficient_funds,5120.74,8183.85,subscription,1
0.8,20,2,mandate_revoked,2946.43,5000.0,insurance,0
0.42,21,2,insufficient_funds,2098.85,5000.0,emi,0
0.89,11,0,mandate_expired,5521.12,6673.49,emi,0
0.31,9,2,mandate_expired,14043.42,16908.33,emi,1
0.5,37,0,mandate_revoked,1561.57,5000.0,emi,0
0.73,10,1,mandate_revoked,1704.75,5000.0,subscription,0
0.41,39,0,insufficient_funds,523.93,2000.0,insurance,1
0.81,4,1,mandate_expired,2470.97,5000.0,subscription,1
0.63,2,2,insufficient_funds,1952.73,5000.0,utility,1
0.83,35,0,mandate_revoked,2360.61,5000.0,emi,0
0.92,19,1,insufficient_funds,1279.99,5000.0,utility,1
0.7,40,0,insufficient_funds,13628.92,16622.01,utility,1
0.59,34,2,mandate_expired,2932.21,5000.0,subscription,1
0.68,5,0,mandate_expired,6605.23,8496.32,emi,0
0.46,43,1,insufficient_funds,2970.69,5000.0,emi,1
0.84,31,1,mandate_revoked,1207.26,5000.0,emi,0
0.64,40,1,mandate_revoked,3943.33,5000.0,subscription,0
0.58,36,1,insufficient_funds,1892.99,5000.0,subscription,1
0.81,4,1,insufficient_funds,2963.9,5000.0,emi,1
0.54,37,1,bank_technical_error,862.58,5000.0,utility,1
0.5,28,2,insufficient_funds,2459.23,5000.0,insurance,1
0.75,29,2,bank_technical_error,2395.87,1000.0,emi,1
0.71,27,0,insufficient_funds,941.88,5000.0,insurance,1
0.87,26,1,insufficient_funds,9195.7,11311.8,utility,1
0.9,47,0,mandate_expired,1872.44,1000.0,utility,1
0.87,47,1,bank_technical_error,13314.64,16564.12,utility,1
0.9,15,1,insufficient_funds,2783.64,5000.0,insurance,1
0.69,24,1,mandate_expired,1580.52,5000.0,utility,1
0.37,3,0,mandate_revoked,1104.69,5000.0,subscription,0
0.42,12,2,insufficient_funds,6050.28,9973.8,subscription,1
0.55,1,0,bank_technical_error,1397.63,1000.0,emi,1
0.31,5,2,insufficient_funds,1077.88,5000.0,utility,1
0.32,6,0,mandate_revoked,1623.99,5000.0,emi,0
0.7,33,0,insufficient_funds,2417.22,2000.0,subscription,1
0.66,32,2,insufficient_funds,977.55,5000.0,utility,1
0.72,26,1,insufficient_funds,8393.53,5000.0,utility,1
0.47,45,1,mandate_expired,957.21,5000.0,insurance,1
0.34,16,1,mandate_expired,11633.39,15492.18,utility,1
0.98,34,0,bank_technical_error,14264.38,17947.63,subscription,1
0.5,43,2,mandate_expired,2533.46,2000.0,subscription,0
0.77,23,1,mandate_revoked,1555.0,5000.0,insurance,0
0.35,33,1,insufficient_funds,1996.26,5000.0,emi,1
0.5,9,1,mandate_expired,1163.05,5000.0,subscription,1
0.64,43,1,insufficient_funds,2495.05,5000.0,subscription,1
0.66,19,2,insufficient_funds,2215.62,5000.0,utility,1
0.4,28,1,insufficient_funds,8329.37,11760.84,insurance,1
0.94,3,1,insufficient_funds,2411.18,5000.0,insurance,1
0.51,47,1,mandate_expired,739.76,5000.0,subscription,0
0.5,44,1,bank_technical_error,5690.89,8766.49,emi,1
0.63,31,0,bank_technical_error,1421.8,5000.0,insurance,1
0.66,10,1,bank_technical_error,5690.65,5000.0,insurance,1
0.65,38,0,mandate_revoked,602.4,5000.0,emi,0
0.58,25,0,insufficient_funds,13637.89,18512.38,insurance,1
0.46,30,1,mandate_expired,2982.3,5000.0,utility,1
0.66,20,0,bank_technical_error,2091.48,5000.0,insurance,1
0.92,29,0,bank_technical_error,1007.56,5000.0,insurance,1
0.92,47,1,mandate_expired,13257.91,14818.83,insurance,1
0.45,23,1,mandate_revoked,11912.27,15770.89,utility,0
0.82,37,1,insufficient_funds,1650.77,5000.0,insurance,1
0.47,37,0,bank_technical_error,4112.27,5000.0,subscription,1
0.42,23,0,mandate_expired,633.15,5000.0,utility,1
0.87,10,2,insufficient_funds,2581.1,5000.0,subscription,1
0.74,47,2,mandate_revoked,1651.25,5000.0,emi,0
0.91,38,2,mandate_expired,3145.25,5000.0,emi,1
0.5,44,1,insufficient_funds,1721.66,5000.0,insurance,1
0.82,38,1,mandate_expired,5396.93,9018.16,subscription,1
0.37,21,1,insufficient_funds,1761.46,2000.0,emi,1
0.96,4,0,insufficient_funds,2342.22,5000.0,insurance,1
0.95,12,0,insufficient_funds,686.56,5000.0,insurance,1
0.41,47,0,bank_technical_error,2554.31,5000.0,subscription,1
0.43,29,1,insufficient_funds,9000.6,13505.64,emi,1
0.89,40,2,insufficient_funds,7051.48,8161.69,utility,1
0.92,9,1,mandate_expired,2134.98,5000.0,subscription,1
0.43,41,0,insufficient_funds,8974.45,11184.8,emi,1
0.84,13,1,insufficient_funds,9042.7,13084.9,insurance,1
0.76,31,0,bank_technical_error,1850.88,3000.0,emi,1
0.71,19,2,mandate_revoked,2649.67,5000.0,subscription,0
0.57,3,1,insufficient_funds,1874.53,5000.0,subscription,1
0.31,30,2,insufficient_funds,2978.84,5000.0,insurance,1
0.67,17,2,mandate_expired,913.63,5000.0,insurance,0
0.34,11,1,mandate_revoked,2251.98,5000.0,subscription,0
0.41,25,2,insufficient_funds,2333.53,5000.0,emi,1
0.56,15,2,insufficient_funds,2157.08,5000.0,insurance,1
0.93,29,0,bank_technical_error,2147.75,5000.0,insurance,1
0.82,21,0,mandate_expired,1647.42,5000.0,subscription,0
0.66,12,0,bank_technical_error,2937.04,5000.0,insurance,1
0.7,40,1,insufficient_funds,585.31,3000.0,subscription,1
0.66,38,2,mandate_revoked,2572.72,5000.0,insurance,0
0.98,36,2,mandate_expired,216.0,5000.0,utility,1
0.95,32,1,insufficient_funds,1979.33,5000.0,subscription,1
0.67,43,0,insufficient_funds,904.45,5000.0,utility,1
0.78,34,2,insufficient_funds,613.67,5000.0,subscription,1
0.81,21,1,mandate_revoked,2027.75,5000.0,subscription,0
0.95,9,0,insufficient_funds,2521.96,5000.0,utility,1
0.96,33,1,insufficient_funds,555.81,5000.0,emi,1
0.44,37,1,insufficient_funds,8192.44,10585.87,subscription,1
0.31,1,1,bank_technical_error,2093.93,5000.0,insurance,1
0.89,1,0,mandate_revoked,2050.72,5000.0,subscription,0
0.72,14,1,mandate_expired,2157.71,5000.0,emi,0
0.99,18,2,mandate_revoked,1691.31,5000.0,subscription,0
0.7,43,1,insufficient_funds,1528.98,5000.0,insurance,1
0.95,30,2,insufficient_funds,7719.91,8738.82,utility,1
0.88,8,0,insufficient_funds,1817.09,5000.0,subscription,1
0.92,25,2,insufficient_funds,1857.08,3000.0,utility,1
0.7,38,0,insufficient_funds,972.91,2000.0,emi,1
0.37,16,1,mandate_expired,677.77,5000.0,insurance,1
0.61,7,1,insufficient_funds,2337.59,5000.0,emi,1
0.93,1,0,insufficient_funds,12894.95,16312.04,subscription,1
0.44,48,2,insufficient_funds,1991.04,5000.0,utility,1
0.53,15,1,bank_technical_error,4758.68,5000.0,utility,1
0.5,29,0,insufficient_funds,1504.86,5000.0,emi,1
0.78,45,2,mandate_expired,3908.48,5000.0,subscription,1
0.35,31,0,mandate_expired,1284.28,2000.0,insurance,0
0.88,38,0,bank_technical_error,940.7,5000.0,insurance,1
0.82,12,2,bank_technical_error,2523.18,2000.0,emi,1
0.74,16,0,insufficient_funds,2140.69,5000.0,emi,1
0.41,25,0,insufficient_funds,12552.21,15751.44,subscription,1
0.91,20,0,mandate_expired,1857.39,1000.0,subscription,0
0.81,15,0,bank_technical_error,2089.65,5000.0,emi,1
0.36,30,0,insufficient_funds,540.95,5000.0,subscription,1
0.56,27,2,mandate_expired,3643.18,3000.0,insurance,1
0.67,20,1,insufficient_funds,887.84,5000.0,utility,1
0.42,1,0,insufficient_funds,816.7,5000.0,subscription,1
0.75,8,2,mandate_revoked,2186.34,5000.0,insurance,0
0.95,38,2,insufficient_funds,5911.42,10581.11,utility,1
0.42,43,0,insufficient_funds,540.56,5000.0,subscription,1
0.45,34,2,mandate_revoked,1649.72,5000.0,emi,0
0.84,4,1,insufficient_funds,2830.82,5000.0,utility,1
0.49,19,0,insufficient_funds,2768.07,5000.0,insurance,1
0.64,20,2,mandate_revoked,2308.4,5000.0,insurance,0
0.97,13,2,mandate_expired,12674.23,14959.66,insurance,1
0.38,2,2,mandate_revoked,14890.28,18602.39,subscription,0
0.31,4,1,insufficient_funds,508.36,5000.0,emi,1
0.55,45,1,mandate_revoked,2185.95,5000.0,subscription,0
0.92,6,1,insufficient_funds,2213.13,5000.0,emi,1
0.39,7,0,mandate_revoked,786.34,5000.0,utility,0
0.47,11,0,insufficient_funds,1953.97,5000.0,subscription,1
0.56,11,2,mandate_revoked,1505.68,5000.0,utility,0
0.63,34,0,mandate_expired,1144.66,5000.0,subscription,1
0.41,16,2,bank_technical_error,2622.94,5000.0,emi,1
0.44,3,1,insufficient_funds,1585.32,5000.0,utility,1
0.43,9,0,mandate_revoked,2409.69,5000.0,emi,0
0.45,27,0,insufficient_funds,1162.38,5000.0,emi,1
0.6,13,0,mandate_expired,2338.57,5000.0,subscription,1
0.75,29,0,mandate_revoked,1152.91,5000.0,insurance,0
0.66,41,1,insufficient_funds,652.85,5000.0,emi,0
0.64,32,2,insufficient_funds,9094.85,5000.0,insurance,1
0.31,46,0,mandate_expired,1034.73,2000.0,subscription,1
0.4,18,0,mandate_expired,2813.86,5000.0,emi,1
0.58,36,0,mandate_expired,2499.38,5000.0,utility,1
0.64,24,0,insufficient_funds,873.25,5000.0,insurance,1
0.77,33,0,mandate_revoked,2032.55,5000.0,insurance,0
0.9,10,2,bank_technical_error,6707.23,9650.73,utility,1
0.38,9,0,bank_technical_error,1038.49,5000.0,insurance,1
0.44,45,2,mandate_revoked,537.37,5000.0,utility,0
0.93,42,1,mandate_expired,813.51,5000.0,emi,1
0.8,43,0,bank_technical_error,4584.27,5000.0,utility,1
0.8,6,1,insufficient_funds,1315.43,5000.0,utility,1
0.85,33,1,mandate_expired,2496.57,5000.0,subscription,1
0.38,17,1,mandate_expired,11699.35,13716.41,subscription,1
0.57,44,0,bank_technical_error,1535.89,5000.0,emi,1
0.73,32,1,insufficient_funds,2161.21,5000.0,utility,1
0.56,42,0,mandate_expired,9367.65,5000.0,utility,1
0.55,22,1,insufficient_funds,1146.03,5000.0,subscription,1
0.81,4,1,mandate_revoked,703.12,2000.0,utility,0
0.82,35,0,insufficient_funds,2181.97,5000.0,subscription,1
0.33,4,2,insufficient_funds,13870.85,16890.9,insurance,1
0.36,2,2,bank_technical_error,1545.15,5000.0,subscription,1
0.72,5,1,mandate_expired,1684.93,5000.0,utility,1
0.82,11,2,mandate_revoked,1968.33,5000.0,utility,0
0.78,12,2,bank_technical_error,13318.2,15493.26,utility,1
0.45,20,1,mandate_revoked,2439.78,5000.0,insurance,0
0.71,13,2,mandate_expired,2094.42,1000.0,subscription,1
0.36,9,0,mandate_expired,283.63,5000.0,utility,1
0.75,37,0,bank_technical_error,1946.26,5000.0,utility,1
0.77,5,1,insufficient_funds,1248.54,5000.0,subscription,1
0.75,31,0,insufficient_funds,2649.62,2000.0,insurance,0
0.94,12,0,insufficient_funds,1417.4,5000.0,utility,1
0.43,25,0,bank_technical_error,2839.35,5000.0,utility,1
0.8,14,0,mandate_expired,2113.79,5000.0,utility,0
0.91,42,0,insufficient_funds,2651.97,5000.0,insurance,1
0.82,30,2,insufficient_funds,2325.98,5000.0,utility,1
0.53,24,0,mandate_expired,3550.64,2000.0,subscription,1
0.73,16,2,insufficient_funds,2578.92,5000.0,emi,1
0.44,19,0,bank_technical_error,761.35,2000.0,emi,1
0.62,30,1,bank_technical_error,1731.83,5000.0,subscription,1
0.57,21,2,insufficient_funds,2332.75,5000.0,subscription,1
0.98,32,1,mandate_expired,8471.08,11685.87,emi,1
0.47,39,2,bank_technical_error,2677.36,5000.0,subscription,1
0.63,14,2,insufficient_funds,1541.13,5000.0,emi,0
0.67,25,1,mandate_revoked,893.32,5000.0,emi,0
0.72,39,2,mandate_revoked,2878.18,5000.0,emi,0
0.41,15,2,bank_technical_error,13241.78,16683.18,subscription,1
0.65,34,0,mandate_expired,1909.59,1000.0,subscription,1
0.72,36,2,bank_technical_error,2884.14,5000.0,insurance,1
0.52,16,1,insufficient_funds,2274.35,5000.0,emi,1
0.38,26,1,bank_technical_error,2057.2,3000.0,subscription,1
0.93,1,0,insufficient_funds,1350.82,5000.0,utility,1
0.68,46,1,bank_technical_error,6574.96,10050.63,subscription,1
0.6,28,0,mandate_revoked,2579.29,3000.0,insurance,0
0.47,6,0,bank_technical_error,13310.29,5000.0,insurance,1
0.48,37,0,insufficient_funds,2435.82,2000.0,subscription,1
0.9,5,0,insufficient_funds,13200.33,15799.09,insurance,1
0.31,31,0,insufficient_funds,12418.12,14375.43,utility,1
0.96,24,1,insufficient_funds,802.17,5000.0,subscription,1
0.46,36,1,insufficient_funds,1849.29,5000.0,insurance,1
0.71,10,2,insufficient_funds,879.21,1000.0,emi,1
0.99,4,0,insufficient_funds,2368.3,5000.0,utility,1
0.78,13,0,bank_technical_error,1138.05,5000.0,insurance,1
0.49,4,2,insufficient_funds,2474.22,5000.0,subscription,1
0.65,21,1,bank_technical_error,2595.97,5000.0,emi,1
0.78,5,2,bank_technical_error,631.56,5000.0,subscription,1
0.8,32,1,insufficient_funds,7294.68,8495.4,emi,1
0.37,44,1,bank_technical_error,1276.15,5000.0,utility,1
0.37,25,0,insufficient_funds,5701.02,9988.56,utility,1
0.71,23,1,insufficient_funds,2469.58,2000.0,insurance,1
